master_version	rule_id	brand_id	category_id	db_ready	scoring_formula_version	メルカリ検索URL1	メルカリ検索URL2	メルカリ検索URL3	カテゴリ	性別	ブランド	ブランド日本語	服種類	商品名・狙い目	季節	季節ピーク	想定販売期間	素材加点	素材タグ	サイズ加点	サイズタグ	仕入れ上限	仕入れ上限_min	仕入れ上限_max	想定販売価格	想定販売価格_min	想定販売価格_max	粗利目安	粗利_min	粗利_max	想定送料_min	想定送料_max	配送サイズ	送料注意度	優先度	ブランドスコア	ジャンルスコア	素材スコア	サイズスコア	回転見込み	回転スコア	利益見込み	偽物リスク	真贋リスクスコア	劣化リスク	状態リスクスコア	相場信頼度	総合スコア_初期	推奨判定_初期	データ信頼度	強い条件	強みタグ	需要タグ	避ける条件	状態NGタグ	リスクタグ	検索キーワード	最低確認相場数	写真必須箇所	現場アクション	AI判定メモ	アプリ入力必須項目	即見送り条件	例外条件	AI追加質問	メルカリ検索式1	メルカリ検索式2	メルカリ検索式3	撮影指示詳細	購入制御ルール
v5_maxmara_additions	RULE_MAXMARA_001	BRD_MAX_MARA	CAT_LADIES	TRUE	v4.1	https://jp.mercari.com/search?keyword=Max%20Mara%20%E3%82%B3%E3%83%BC%E3%83%88%20%E3%82%AB%E3%82%B7%E3%83%9F%E3%83%A4	https://jp.mercari.com/search?keyword=Max%20Mara%20%E7%99%BD%E3%82%BF%E3%82%B0%20%E3%82%B3%E3%83%BC%E3%83%88	https://jp.mercari.com/search?keyword=%E3%83%9E%E3%83%83%E3%82%AF%E3%82%B9%E3%83%9E%E3%83%BC%E3%83%A9%20%E3%83%AF%E3%83%B3%E3%83%94%E3%83%BC%E3%82%B9	レディース服	レディース	Max Mara	マックスマーラ	コート／ワンピース／ジャケット	白タグコート／カシミヤ混コート／ウールコート／ワンピース／ジャケット	秋冬中心	9〜12月/1〜2月	2〜8週間	カシミヤ/ウール/アルパカ/シルク	カシミヤ,ウール,アルパカ,シルク	38/40/42/大きいサイズ	38,40,42,大きいサイズ	5000〜25000	5000	25000	18000〜80000	18000	80000	約-10000〜66250	-10000	66250	750	1200	宅急便60〜100	高	S	92	88	90	78	普通	70	高	中	25	中	25	85	80	買い	中〜高	白タグ/カシミヤ混/アルパカ混/ベルト付き/大きいサイズ/美品/現行感	白タグ,カシミヤ,アルパカ,ベルト付き,大きいサイズ,美品	高級コート,通勤,フォーマル,秋冬,大人女性	虫食い/襟汚れ/袖口汚れ/ベルト欠品/古すぎる肩パッド/裏地破れ	虫食い,襟汚れ,袖口汚れ,裏地破れ,臭い	真贋注意,虫食い注意,送料高め,季節性	Max Mara コート カシミヤ,Max Mara 白タグ コート,マックスマーラ ワンピース	3	正面/背面/ブランドタグ/素材タグ/襟袖/ベルト/ダメージ箇所	白タグと素材タグを確認し、虫食い・襟袖汚れ・ベルト有無を見てから相場検索	Max Mara本体はコートが最優先。高仕入れでも素材と状態が良ければ利益幅が大きい。	ブランド,服種類,サイズ,素材,状態,仕入れ値,ブランドタグ写真,素材タグ写真,全体写真	虫食い大/脇汗大/強い臭い/裏地破れ大/真贋不明で高仕入れ	超高単価相場が3件以上あり、リペア可能かつ仕入れが十分安い場合のみ検討	虫食い・襟袖汚れ・脇汗・ベルト欠品・素材タグの有無を確認しましたか？	Max Mara コート カシミヤ	Max Mara 白タグ コート	マックスマーラ ワンピース	全体正面・背面、ブランドタグ、素材タグ、サイズ表記、襟袖、脇、裾、裏地、ダメージ箇所を撮影	高仕入れ時は売り切れ相場3件以上確認。状態NGがある場合は原則見送り。
v5_maxmara_additions	RULE_MAXMARA_002	BRD_S_MAX_MARA	CAT_LADIES	TRUE	v4.1	https://jp.mercari.com/search?keyword=S%20Max%20Mara%20%E3%82%B3%E3%83%BC%E3%83%88	https://jp.mercari.com/search?keyword=S%20Max%20Mara%20%E3%83%80%E3%82%A6%E3%83%B3	https://jp.mercari.com/search?keyword=%E3%82%A8%E3%82%B9%E3%83%9E%E3%83%83%E3%82%AF%E3%82%B9%E3%83%9E%E3%83%BC%E3%83%A9%20%E3%83%AA%E3%83%90%E3%83%BC%E3%82%B3%E3%83%BC%E3%83%88	レディース服	レディース	S Max Mara	エス マックスマーラ	コート／ダウン／ワンピース	リバーコート／ダウンコート／ウールコート／ワンピース	秋冬中心	9〜12月/1〜2月	2〜8週間	ウール/カシミヤ/ダウン/アルパカ	ウール,カシミヤ,ダウン,アルパカ	38/40/42/大きいサイズ	38,40,42,大きいサイズ	5000〜20000	5000	20000	18000〜70000	18000	70000	約-5000〜57250	-5000	57250	750	1200	宅急便60〜100	高	S	90	88	88	78	普通	70	高	中	25	中	25	80	80	買い	中〜高	リバーコート/ダウン/ベルト付き/フード付き/大きいサイズ/美品	リバーコート,ダウン,ベルト付き,フード付き,大きいサイズ,美品	高級コート,秋冬,通勤,大人女性	ダウン抜け/虫食い/襟袖汚れ/ベルト欠品/フード欠品/ファスナー不良	ダウン抜け,虫食い,襟汚れ,袖口汚れ,ファスナー不良	真贋注意,虫食い注意,送料高め,季節性	S Max Mara コート,S Max Mara ダウン,エスマックスマーラ リバーコート	3	正面/背面/ブランドタグ/素材タグ/襟袖/ベルト/フード/ダメージ箇所	付属品と素材を確認。ダウンやリバーコートは高値だが状態チェックを厳しめにする	S Max MaraはMax Mara系列でも高単価。コート系ならSランクで確認。	ブランド,服種類,サイズ,素材,状態,仕入れ値,ブランドタグ写真,素材タグ写真,全体写真	虫食い大/脇汗大/強い臭い/裏地破れ大/真贋不明で高仕入れ	超高単価相場が3件以上あり、リペア可能かつ仕入れが十分安い場合のみ検討	虫食い・襟袖汚れ・脇汗・ベルト欠品・素材タグの有無を確認しましたか？	S Max Mara コート	S Max Mara ダウン	エスマックスマーラ リバーコート	全体正面・背面、ブランドタグ、素材タグ、サイズ表記、襟袖、脇、裾、裏地、ダメージ箇所を撮影	高仕入れ時は売り切れ相場3件以上確認。状態NGがある場合は原則見送り。
v5_maxmara_additions	RULE_MAXMARA_003	BRD_MAX_MARA_STUDIO	CAT_LADIES	TRUE	v4.1	https://jp.mercari.com/search?keyword=Max%20Mara%20Studio%20%E3%83%AF%E3%83%B3%E3%83%94%E3%83%BC%E3%82%B9	https://jp.mercari.com/search?keyword=Max%20Mara%20Studio%20%E3%82%B3%E3%83%BC%E3%83%88	https://jp.mercari.com/search?keyword=%E3%83%9E%E3%83%83%E3%82%AF%E3%82%B9%E3%83%9E%E3%83%BC%E3%83%A9%20%E3%82%B9%E3%83%86%E3%83%A5%E3%83%87%E3%82%A3%E3%82%AA	レディース服	レディース	Max Mara Studio	マックスマーラ ステュディオ	ワンピース／コート／ジャケット	ワンピース／ウールコート／ジャケット／スーツ	通年	3〜5月/9〜12月	2〜6週間	ウール/シルク/リネン/コットン	ウール,シルク,リネン,コットン	38/40/42/大きいサイズ	38,40,42,大きいサイズ	3000〜12000	3000	12000	10000〜35000	10000	35000	約-4050〜28270	-4050	28270	230	1050	ゆうパケット〜宅急便80	中〜高	A	78	74	78	75	普通	65	中〜高	低〜中	15	中	20	70	67	条件付き買い	中〜高	ワンピース/ウールコート/美品/大きいサイズ/上質素材	ワンピース,ウール,シルク,大きいサイズ,美品	通勤,フォーマル,大人女性,秋冬	古いデザイン/シミ/脇汗/虫食い/裏地破れ	シミ,脇汗,虫食い,裏地破れ	状態注意,送料注意	Max Mara Studio ワンピース,Max Mara Studio コート,マックスマーラ ステュディオ	3	正面/背面/ブランドタグ/素材タグ/脇/襟袖/ダメージ箇所	Max Mara本体より単価は落ちるため、仕入れ上限と売り切れ相場を必ず確認	Max Mara StudioはAランク。ワンピース・コート・大きいサイズなら仕入れ候補。	ブランド,服種類,サイズ,素材,状態,仕入れ値,ブランドタグ写真,素材タグ写真,全体写真	虫食い大/脇汗大/強い臭い/裏地破れ大/真贋不明で高仕入れ	超高単価相場が3件以上あり、リペア可能かつ仕入れが十分安い場合のみ検討	虫食い・襟袖汚れ・脇汗・ベルト欠品・素材タグの有無を確認しましたか？	Max Mara Studio ワンピース	Max Mara Studio コート	マックスマーラ ステュディオ	全体正面・背面、ブランドタグ、素材タグ、サイズ表記、襟袖、脇、裾、裏地、ダメージ箇所を撮影	高仕入れ時は売り切れ相場3件以上確認。状態NGがある場合は原則見送り。
v5_maxmara_additions	RULE_MAXMARA_004	BRD_WEEKEND_MAX_MARA	CAT_LADIES	TRUE	v4.1	https://jp.mercari.com/search?keyword=Weekend%20Max%20Mara%20%E3%82%B3%E3%83%BC%E3%83%88	https://jp.mercari.com/search?keyword=Weekend%20Max%20Mara%20%E3%83%AF%E3%83%B3%E3%83%94%E3%83%BC%E3%82%B9	https://jp.mercari.com/search?keyword=%E3%82%A6%E3%82%A3%E3%83%BC%E3%82%AF%E3%82%A8%E3%83%B3%E3%83%89%20%E3%83%9E%E3%83%83%E3%82%AF%E3%82%B9%E3%83%9E%E3%83%BC%E3%83%A9	レディース服	レディース	Weekend Max Mara	ウィークエンド マックスマーラ	コート／ワンピース／ニット／ジャケット	コート／ワンピース／ニット／ジャケット／カジュアルライン	通年	3〜5月/9〜12月	2〜6週間	ウール/リネン/コットン/ダウン	ウール,リネン,コットン,ダウン	38/40/42/大きいサイズ	38,40,42,大きいサイズ	2000〜10000	2000	10000	8000〜30000	8000	30000	約-3850〜24770	-3850	24770	230	1050	ゆうパケット〜宅急便80	中〜高	A	74	72	75	75	普通	65	中	低	10	中	20	70	66	条件付き買い	中〜高	コート/ワンピース/大きいサイズ/美品/ウール/リネン	コート,ワンピース,大きいサイズ,ウール,リネン,美品	通勤,カジュアル,大人女性,秋冬,春夏	使用感強い/毛玉/虫食い/シミ/古いデザイン	毛玉,虫食い,シミ,襟汚れ,袖口汚れ	状態注意,送料注意,ライン差注意	Weekend Max Mara コート,Weekend Max Mara ワンピース,ウィークエンド マックスマーラ	3	正面/背面/ブランドタグ/素材タグ/襟袖/脇/ダメージ箇所	カジュアルラインなので安仕入れ優先。コート・ワンピース・大きいサイズは相場検索	Weekend Max MaraはAランクだが本体より安め。仕入れ値を抑えれば十分利益候補。	ブランド,服種類,サイズ,素材,状態,仕入れ値,ブランドタグ写真,素材タグ写真,全体写真	虫食い大/脇汗大/強い臭い/裏地破れ大/真贋不明で高仕入れ	超高単価相場が3件以上あり、リペア可能かつ仕入れが十分安い場合のみ検討	虫食い・襟袖汚れ・脇汗・ベルト欠品・素材タグの有無を確認しましたか？	Weekend Max Mara コート	Weekend Max Mara ワンピース	ウィークエンド マックスマーラ	全体正面・背面、ブランドタグ、素材タグ、サイズ表記、襟袖、脇、裾、裏地、ダメージ箇所を撮影	高仕入れ時は売り切れ相場3件以上確認。状態NGがある場合は原則見送り。
v5_maxmara_additions	RULE_MAXMARA_005	BRD_SPORTMAX	CAT_LADIES	TRUE	v4.1	https://jp.mercari.com/search?keyword=Sportmax%20%E3%83%AF%E3%83%B3%E3%83%94%E3%83%BC%E3%82%B9	https://jp.mercari.com/search?keyword=Sportmax%20%E3%82%B3%E3%83%BC%E3%83%88	https://jp.mercari.com/search?keyword=%E3%82%B9%E3%83%9D%E3%83%BC%E3%83%84%E3%83%9E%E3%83%83%E3%82%AF%E3%82%B9%20%E3%82%B8%E3%83%A3%E3%82%B1%E3%83%83%E3%83%88	レディース服	レディース	Sportmax	スポーツマックス	ワンピース／ジャケット／コート／パンツ	デザインワンピース／ジャケット／コート／パンツ	通年	3〜5月/9〜12月	3〜8週間	ウール/シルク/コットン/レーヨン	ウール,シルク,コットン,レーヨン	38/40/42	38,40,42	3000〜12000	3000	12000	10000〜40000	10000	40000	約-4050〜32770	-4050	32770	230	1050	ゆうパケット〜宅急便80	中〜高	A	76	76	76	68	普通〜遅い	58	中〜高	低〜中	15	中	20	65	64	条件付き買い	中〜高	デザイン性/美品/現行感/ワンピース/ジャケット/コート	デザイン性,現行感,ワンピース,ジャケット,コート,美品	モード,大人女性,通勤,フォーマル	デザイン古い/サイズ小さい/シミ/脇汗/虫食い	シミ,脇汗,虫食い,サイズ小さすぎ	回転遅め,状態注意,デザイン差	Sportmax ワンピース,Sportmax コート,スポーツマックス ジャケット	3	正面/背面/ブランドタグ/素材タグ/脇/襟袖/デザイン部分	デザイン性が高いものだけ相場検索。普通のアイテムは高仕入れしない	Sportmaxはデザインで価格差が出る。強いデザイン・美品ならAランク。	ブランド,服種類,サイズ,素材,状態,仕入れ値,ブランドタグ写真,素材タグ写真,全体写真	虫食い大/脇汗大/強い臭い/裏地破れ大/真贋不明で高仕入れ	超高単価相場が3件以上あり、リペア可能かつ仕入れが十分安い場合のみ検討	虫食い・襟袖汚れ・脇汗・ベルト欠品・素材タグの有無を確認しましたか？	Sportmax ワンピース	Sportmax コート	スポーツマックス ジャケット	全体正面・背面、ブランドタグ、素材タグ、サイズ表記、襟袖、脇、裾、裏地、ダメージ箇所を撮影	高仕入れ時は売り切れ相場3件以上確認。状態NGがある場合は原則見送り。
v5_maxmara_additions	RULE_MAXMARA_006	BRD_MAXANDCO	CAT_LADIES	TRUE	v4.1	https://jp.mercari.com/search?keyword=Max%26Co.%20%E3%83%AF%E3%83%B3%E3%83%94%E3%83%BC%E3%82%B9	https://jp.mercari.com/search?keyword=Max%26Co.%20%E3%82%B3%E3%83%BC%E3%83%88	https://jp.mercari.com/search?keyword=%E3%83%9E%E3%83%83%E3%82%AF%E3%82%B9%E3%82%A2%E3%83%B3%E3%83%89%E3%82%B3%E3%83%BC	レディース服	レディース	Max&Co.	マックスアンドコー	ワンピース／コート／ジャケット	ワンピース／コート／ジャケット／きれいめ服	通年	3〜5月/9〜12月	3〜8週間	ウール/コットン/ポリエステル/レーヨン	ウール,コットン,ポリエステル,レーヨン	38/40/42	38,40,42	1000〜5000	1000	5000	5000〜15000	5000	15000	約-1550〜12270	-1550	12270	230	1050	ゆうパケット〜宅急便80	中	B	62	62	62	65	普通〜遅い	55	中	低	5	中	20	60	56	慎重	中〜高	ワンピース/コート/美品/大きいサイズ/上品デザイン	ワンピース,コート,美品,大きいサイズ,上品デザイン	通勤,きれいめ,大人女性	普通のトップス/古いデザイン/使用感強い/毛玉/シミ	毛玉,シミ,使用感強い,古いデザイン	単価低め,回転遅め,状態注意	Max&Co. ワンピース,Max&Co. コート,マックスアンドコー	3	正面/背面/ブランドタグ/素材タグ/襟袖/脇/ダメージ箇所	Max Mara系だが単価は低め。1000〜3000円程度の安仕入れ中心で判断	Max&Co.はBランク。Max Mara本体と同じ感覚で高仕入れしない。	ブランド,服種類,サイズ,素材,状態,仕入れ値,ブランドタグ写真,素材タグ写真,全体写真	虫食い大/脇汗大/強い臭い/裏地破れ大/真贋不明で高仕入れ	超高単価相場が3件以上あり、リペア可能かつ仕入れが十分安い場合のみ検討	虫食い・襟袖汚れ・脇汗・ベルト欠品・素材タグの有無を確認しましたか？	Max&Co. ワンピース	Max&Co. コート	マックスアンドコー	全体正面・背面、ブランドタグ、素材タグ、サイズ表記、襟袖、脇、裾、裏地、ダメージ箇所を撮影	高仕入れ時は売り切れ相場3件以上確認。状態NGがある場合は原則見送り。
v5_maxmara_additions	RULE_MAXMARA_007	BRD_PIANOFORTE	CAT_LADIES	TRUE	v4.1	https://jp.mercari.com/search?keyword=PIANOFORTE%20%E3%83%AF%E3%83%B3%E3%83%94%E3%83%BC%E3%82%B9	https://jp.mercari.com/search?keyword=%E3%83%94%E3%82%A2%E3%83%8E%E3%83%95%E3%82%A9%E3%83%AB%E3%83%86%20%E3%83%89%E3%83%AC%E3%82%B9	https://jp.mercari.com/search?keyword=PIANOFORTE%20Max%20Mara	レディース服	レディース	PIANOFORTE	ピアノフォルテ	ドレスワンピース／フォーマルワンピース	ドレスワンピース／フォーマルワンピース／マックスマーラ系高級ライン	通年	2〜4月/9〜11月	3〜8週間	シルク/ウール/レーヨン/ポリエステル	シルク,ウール,レーヨン,ポリエステル	38/40/42	38,40,42	3000〜8000	3000	8000	10000〜30000	10000	30000	約250〜23770	250	23770	230	750	ゆうパケット〜宅急便60	中	A	74	78	74	68	普通	62	中〜高	低	8	中	25	60	64	条件付き買い	中〜高	フォーマル/ドレス/シルク/美品/上品デザイン	フォーマル,ドレス,シルク,美品,上品デザイン	オケージョン,フォーマル,大人女性,式典	脇汗/シミ/裏地汚れ/古いデザイン/丈が短すぎる	脇汗,シミ,裏地汚れ,古いデザイン	相場少なめ,状態注意,回転やや遅め	PIANOFORTE ワンピース,ピアノフォルテ ドレス,PIANOFORTE Max Mara	3	正面/背面/ブランドタグ/素材タグ/脇/裏地/ダメージ箇所	フォーマル需要と状態を確認。相場が少ない場合はMax Mara系として類似検索	PIANOFORTEは既存表にも関連行があるが、Max Mara系として独立管理してよい。	ブランド,服種類,サイズ,素材,状態,仕入れ値,ブランドタグ写真,素材タグ写真,全体写真	虫食い大/脇汗大/強い臭い/裏地破れ大/真贋不明で高仕入れ	超高単価相場が3件以上あり、リペア可能かつ仕入れが十分安い場合のみ検討	虫食い・襟袖汚れ・脇汗・ベルト欠品・素材タグの有無を確認しましたか？	PIANOFORTE ワンピース	ピアノフォルテ ドレス	PIANOFORTE Max Mara	全体正面・背面、ブランドタグ、素材タグ、サイズ表記、襟袖、脇、裾、裏地、ダメージ箇所を撮影	高仕入れ時は売り切れ相場3件以上確認。状態NGがある場合は原則見送り。
v5_expanded_additions	RULE_EXP_001	BRD_BLAMINK	CAT_LADIES	TRUE	v4.1	https://jp.mercari.com/search?keyword=BLAMINK%20%E3%83%96%E3%83%A9%E3%82%A6%E3%82%B9	https://jp.mercari.com/search?keyword=BLAMINK%20%E3%82%B9%E3%82%AB%E3%83%BC%E3%83%88	https://jp.mercari.com/search?keyword=%E3%83%96%E3%83%A9%E3%83%9F%E3%83%B3%E3%82%AF%20%E3%83%AF%E3%83%B3%E3%83%94%E3%83%BC%E3%82%B9	レディース服	ユニセックス	BLAMINK	ブラミンク	ブラウス／スカート／ワンピース／コート	ブラウス／スカート／ワンピース／コート	通年	通年/秋冬	2〜8週間	シルク/ウール/カシミヤ/上質コットン	シルク,ウール,カシミヤ,コットン	M/L/人気サイズ/大きいサイズ	M,L,人気サイズ,大きいサイズ	5000〜20000	5000	20000	18000〜70000	18000	70000	約-5000〜57250	-5000	57250	750	1200	宅急便60〜100	高	S	92	80	85	75	普通	70	高	中	25	中	25	75	66	条件付き買い	中	Drawer系統/高素材/現行タグ/美品/大きいサイズ	Drawer系統,高素材,現行タグ,美品,大きいサイズ	ブランド指名買い,通年需要,高単価	シミ/黄ばみ/脇汗/虫食い/強い毛羽立ち	シミ,黄ばみ,脇汗,虫食い,強い毛羽立ち	真贋注意,状態注意,相場確認必須	BLAMINK ブラウス,BLAMINK スカート,ブラミンク ワンピース	3	正面/背面/ブランドタグ/素材タグ/サイズ表記/ダメージ箇所	ブランドタグ・素材タグ・状態を確認し、売り切れ相場3件以上を検索	BLAMINKはブラウス／スカート／ワンピース／コートを優先確認。仕入れ上限を超える場合は相場確認必須。	ブランド,服種類,サイズ,素材,状態,仕入れ値,ブランドタグ写真,素材タグ写真,全体写真	真贋不明で高仕入れ/強い臭い/大きなシミ/破れ/ベタつき	売り切れ相場3件以上かつリペア可能で仕入れが十分安い場合のみ検討	ブランドタグ・素材タグ・ダメージ・サイズ・付属品の有無を確認しましたか？	BLAMINK ブラウス	BLAMINK スカート	ブラミンク ワンピース	全体正面・背面、ブランドタグ、素材タグ、サイズ表記、脇、襟袖、裾、裏地、ダメージ箇所を撮影	高仕入れ時は売り切れ相場3件以上確認。状態NGがある場合は原則見送り。
v5_expanded_additions	RULE_EXP_002	BRD_CYCLAS	CAT_LADIES	TRUE	v4.1	https://jp.mercari.com/search?keyword=CYCLAS%20%E3%83%96%E3%83%A9%E3%82%A6%E3%82%B9	https://jp.mercari.com/search?keyword=CYCLAS%20%E3%83%AF%E3%83%B3%E3%83%94%E3%83%BC%E3%82%B9	https://jp.mercari.com/search?keyword=%E3%82%B7%E3%82%AF%E3%83%A9%E3%82%B9%20%E3%82%B3%E3%83%BC%E3%83%88	レディース服	ユニセックス	CYCLAS	シクラス	ブラウス／ワンピース／コート	上質ブラウス／ワンピース／コート	通年	通年	2〜8週間	シルク/ウール/上質コットン	シルク,ウール,上質コットン	M/L/人気サイズ/大きいサイズ	M,L,人気サイズ,大きいサイズ	4000〜15000	4000	15000	15000〜50000	15000	50000	約-2700〜40250	-2700	40250	750	1200	宅急便60〜100	高	A	78	70	85	75	普通	70	高	中	25	中	25	75	61	条件付き買い	中	上質素材/美品/現行感/大人きれいめ	上質素材,美品,現行感,大人きれいめ	ブランド指名買い,通年需要,高単価	シミ/黄ばみ/脇汗/強い臭い/破れ/真贋不明	シミ,黄ばみ,脇汗,強い臭い,破れ,真贋不明	真贋注意,状態注意,相場確認必須	CYCLAS ブラウス,CYCLAS ワンピース,シクラス コート	3	正面/背面/ブランドタグ/素材タグ/サイズ表記/ダメージ箇所	ブランドタグ・素材タグ・状態を確認し、売り切れ相場3件以上を検索	CYCLASは上質ブラウス／ワンピース／コートを優先確認。仕入れ上限を超える場合は相場確認必須。	ブランド,服種類,サイズ,素材,状態,仕入れ値,ブランドタグ写真,素材タグ写真,全体写真	真贋不明で高仕入れ/強い臭い/大きなシミ/破れ/ベタつき	売り切れ相場3件以上かつリペア可能で仕入れが十分安い場合のみ検討	ブランドタグ・素材タグ・ダメージ・サイズ・付属品の有無を確認しましたか？	CYCLAS ブラウス	CYCLAS ワンピース	シクラス コート	全体正面・背面、ブランドタグ、素材タグ、サイズ表記、脇、襟袖、裾、裏地、ダメージ箇所を撮影	高仕入れ時は売り切れ相場3件以上確認。状態NGがある場合は原則見送り。
v5_expanded_additions	RULE_EXP_003	BRD_ATON	CAT_LADIES	TRUE	v4.1	https://jp.mercari.com/search?keyword=ATON%20%E3%82%AB%E3%83%83%E3%83%88%E3%82%BD%E3%83%BC	https://jp.mercari.com/search?keyword=ATON%20%E3%82%B7%E3%83%A3%E3%83%84	https://jp.mercari.com/search?keyword=%E3%82%A8%E3%82%A4%E3%83%88%E3%83%B3%20%E3%82%B3%E3%83%BC%E3%83%88	レディース服	ユニセックス	ATON	エイトン	カットソー／シャツ／ワンピース／コート	上質カットソー／シャツ／ワンピース／コート	通年	通年	2〜8週間	SUVINコットン/ウール/カシミヤ/リネン	SUVINコットン,ウール,カシミヤ,リネン	M/L/人気サイズ/大きいサイズ	M,L,人気サイズ,大きいサイズ	3000〜12000	3000	12000	10000〜40000	10000	40000	約-4200〜32250	-4200	32250	750	1200	宅急便60〜100	高	A	78	70	85	75	普通	70	高	中	25	中	25	75	61	条件付き買い	中	ユニセックス/上質素材/サイズ4以上/現行品	ユニセックス,上質素材,サイズ4以上,現行品	ブランド指名買い,通年需要,高単価	シミ/黄ばみ/脇汗/強い臭い/破れ/真贋不明	シミ,黄ばみ,脇汗,強い臭い,破れ,真贋不明	真贋注意,状態注意,相場確認必須	ATON カットソー,ATON シャツ,エイトン コート	3	正面/背面/ブランドタグ/素材タグ/サイズ表記/ダメージ箇所	ブランドタグ・素材タグ・状態を確認し、売り切れ相場3件以上を検索	ATONは上質カットソー／シャツ／ワンピース／コートを優先確認。仕入れ上限を超える場合は相場確認必須。	ブランド,服種類,サイズ,素材,状態,仕入れ値,ブランドタグ写真,素材タグ写真,全体写真	真贋不明で高仕入れ/強い臭い/大きなシミ/破れ/ベタつき	売り切れ相場3件以上かつリペア可能で仕入れが十分安い場合のみ検討	ブランドタグ・素材タグ・ダメージ・サイズ・付属品の有無を確認しましたか？	ATON カットソー	ATON シャツ	エイトン コート	全体正面・背面、ブランドタグ、素材タグ、サイズ表記、脇、襟袖、裾、裏地、ダメージ箇所を撮影	高仕入れ時は売り切れ相場3件以上確認。状態NGがある場合は原則見送り。
v5_expanded_additions	RULE_EXP_004	BRD_GRAPHPAPER	CAT_LADIES	TRUE	v4.1	https://jp.mercari.com/search?keyword=Graphpaper%20%E3%82%B7%E3%83%A3%E3%83%84	https://jp.mercari.com/search?keyword=Graphpaper%20%E3%83%AF%E3%83%B3%E3%83%94%E3%83%BC%E3%82%B9	https://jp.mercari.com/search?keyword=%E3%82%B0%E3%83%A9%E3%83%95%E3%83%9A%E3%83%BC%E3%83%91%E3%83%BC%20%E3%83%91%E3%83%B3%E3%83%84	レディース服	ユニセックス	Graphpaper	グラフペーパー	シャツ／ワンピース／パンツ	オーバーサイズシャツ／ワンピース／パンツ	通年	通年	2〜8週間	コットン/ウール/リネン	コットン,ウール,リネン	M/L/人気サイズ/大きいサイズ	M,L,人気サイズ,大きいサイズ	3000〜12000	3000	12000	12000〜40000	12000	40000	約-1950〜32770	-1950	32770	230	750	ゆうパケットポスト〜宅急便60	中	A	78	70	85	75	普通	70	高	中	25	中	25	75	61	条件付き買い	中	サイズF/オーバーサイズ/ユニセックス/現行感	サイズF,オーバーサイズ,ユニセックス,現行感	ブランド指名買い,通年需要,高単価	シミ/黄ばみ/脇汗/強い臭い/破れ/真贋不明	シミ,黄ばみ,脇汗,強い臭い,破れ,真贋不明	真贋注意,状態注意,相場確認必須	Graphpaper シャツ,Graphpaper ワンピース,グラフペーパー パンツ	3	正面/背面/ブランドタグ/素材タグ/サイズ表記/ダメージ箇所	ブランドタグ・素材タグ・状態を確認し、売り切れ相場3件以上を検索	Graphpaperはオーバーサイズシャツ／ワンピース／パンツを優先確認。仕入れ上限を超える場合は相場確認必須。	ブランド,服種類,サイズ,素材,状態,仕入れ値,ブランドタグ写真,素材タグ写真,全体写真	真贋不明で高仕入れ/強い臭い/大きなシミ/破れ/ベタつき	売り切れ相場3件以上かつリペア可能で仕入れが十分安い場合のみ検討	ブランドタグ・素材タグ・ダメージ・サイズ・付属品の有無を確認しましたか？	Graphpaper シャツ	Graphpaper ワンピース	グラフペーパー パンツ	全体正面・背面、ブランドタグ、素材タグ、サイズ表記、脇、襟袖、裾、裏地、ダメージ箇所を撮影	高仕入れ時は売り切れ相場3件以上確認。状態NGがある場合は原則見送り。
v5_expanded_additions	RULE_EXP_005	BRD_HYKE	CAT_LADIES	TRUE	v4.1	https://jp.mercari.com/search?keyword=HYKE%20%E3%83%88%E3%83%AC%E3%83%B3%E3%83%81	https://jp.mercari.com/search?keyword=HYKE%20%E3%82%B3%E3%83%BC%E3%83%88	https://jp.mercari.com/search?keyword=%E3%83%8F%E3%82%A4%E3%82%AF%20%E3%82%A2%E3%82%A6%E3%82%BF%E3%83%BC	レディース服	ユニセックス	HYKE	ハイク	トレンチ／ニット／シャツ／アウター	トレンチコート／ミリタリーアウター／ニット／シャツ	通年	通年	2〜8週間	ウール/コットン/ミリタリー素材	ウール,コットン,ミリタリー素材	M/L/人気サイズ/大きいサイズ	M,L,人気サイズ,大きいサイズ	4000〜15000	4000	15000	15000〜50000	15000	50000	約-2700〜40250	-2700	40250	750	1200	宅急便60〜100	高	S	92	80	85	75	普通	70	高	中	25	中	25	75	66	条件付き買い	中	トレンチ/ミリタリー/ボア/人気型/美品	トレンチ,ミリタリー,ボア,人気型,美品	ブランド指名買い,通年需要,高単価	襟汚れ/袖口汚れ/ベルト欠品/ライナー欠品/毛玉	襟汚れ,袖口汚れ,ベルト欠品,ライナー欠品,毛玉	真贋注意,状態注意,相場確認必須	HYKE トレンチ,HYKE コート,ハイク アウター	3	正面/背面/ブランドタグ/素材タグ/サイズ表記/ダメージ箇所	ブランドタグ・素材タグ・状態を確認し、売り切れ相場3件以上を検索	HYKEはトレンチコート／ミリタリーアウター／ニット／シャツを優先確認。仕入れ上限を超える場合は相場確認必須。	ブランド,服種類,サイズ,素材,状態,仕入れ値,ブランドタグ写真,素材タグ写真,全体写真	真贋不明で高仕入れ/強い臭い/大きなシミ/破れ/ベタつき	売り切れ相場3件以上かつリペア可能で仕入れが十分安い場合のみ検討	ブランドタグ・素材タグ・ダメージ・サイズ・付属品の有無を確認しましたか？	HYKE トレンチ	HYKE コート	ハイク アウター	全体正面・背面、ブランドタグ、素材タグ、サイズ表記、脇、襟袖、裾、裏地、ダメージ箇所を撮影	高仕入れ時は売り切れ相場3件以上確認。状態NGがある場合は原則見送り。
v5_expanded_additions	RULE_EXP_006	BRD_SACAI	CAT_LADIES	TRUE	v4.1	https://jp.mercari.com/search?keyword=Sacai%20%E3%83%97%E3%83%AA%E3%83%BC%E3%83%84	https://jp.mercari.com/search?keyword=Sacai%20%E3%82%B7%E3%83%A3%E3%83%84	https://jp.mercari.com/search?keyword=%E3%82%B5%E3%82%AB%E3%82%A4%20%E3%83%8B%E3%83%83%E3%83%88	レディース服	ユニセックス	Sacai	サカイ	異素材切替／プリーツ／ニット／シャツ	異素材切替トップス／プリーツスカート／ニット／シャツ	通年	通年	2〜8週間	異素材/ウール/シルク/プリーツ	異素材,ウール,シルク,プリーツ	M/L/人気サイズ/大きいサイズ	M,L,人気サイズ,大きいサイズ	5000〜20000	5000	20000	18000〜70000	18000	70000	約-4320〜57790	-4320	57790	210	520	ネコポス〜ゆうパケットポスト	低〜中	S	92	80	85	75	普通	70	高	高	45	中	25	75	63	条件付き買い	中	異素材切替/プリーツ/人気型/美品/現行タグ	異素材切替,プリーツ,人気型,美品,現行タグ	ブランド指名買い,通年需要,高単価	真贋不明/プリーツ崩れ/引っ掛け/虫食い/汚れ	真贋不明,プリーツ崩れ,引っ掛け,虫食い,汚れ	真贋注意,状態注意,相場確認必須	Sacai プリーツ,Sacai シャツ,サカイ ニット	3	正面/背面/ブランドタグ/素材タグ/サイズ表記/ダメージ箇所	ブランドタグ・素材タグ・状態を確認し、売り切れ相場3件以上を検索	Sacaiは異素材切替トップス／プリーツスカート／ニット／シャツを優先確認。仕入れ上限を超える場合は相場確認必須。	ブランド,服種類,サイズ,素材,状態,仕入れ値,ブランドタグ写真,素材タグ写真,全体写真	真贋不明で高仕入れ/強い臭い/大きなシミ/破れ/ベタつき	売り切れ相場3件以上かつリペア可能で仕入れが十分安い場合のみ検討	ブランドタグ・素材タグ・ダメージ・サイズ・付属品の有無を確認しましたか？	Sacai プリーツ	Sacai シャツ	サカイ ニット	全体正面・背面、ブランドタグ、素材タグ、サイズ表記、脇、襟袖、裾、裏地、ダメージ箇所を撮影	高仕入れ時は売り切れ相場3件以上確認。状態NGがある場合は原則見送り。
v5_expanded_additions	RULE_EXP_007	BRD_BEAUTIFUL_PEOPLE	CAT_LADIES	TRUE	v4.1	https://jp.mercari.com/search?keyword=beautiful%20people%20%E3%83%A9%E3%82%A4%E3%83%80%E3%83%BC%E3%82%B9	https://jp.mercari.com/search?keyword=beautiful%20people%20%E3%83%88%E3%83%AC%E3%83%B3%E3%83%81	https://jp.mercari.com/search?keyword=%E3%83%93%E3%83%A5%E3%83%BC%E3%83%86%E3%82%A3%E3%83%95%E3%83%AB%E3%83%94%E3%83%BC%E3%83%97%E3%83%AB%20%E3%83%90%E3%83%83%E3%82%B0	レディース服	ユニセックス	beautiful people	ビューティフルピープル	ライダース／トレンチ／バッグ	ライダースジャケット／トレンチコート／バッグ	通年	通年	2〜8週間	レザー/ウール/コットン	レザー,ウール,コットン	M/L/人気サイズ/大きいサイズ	M,L,人気サイズ,大きいサイズ	3000〜12000	3000	12000	10000〜40000	10000	40000	約-3520〜32790	-3520	32790	210	520	ネコポス〜ゆうパケットポスト	低〜中	A	78	70	85	75	普通	70	高	中	25	中	25	75	61	条件付き買い	中	ライダース/キッズサイズ表記/トレンチ/状態良好	ライダース,キッズサイズ表記,トレンチ,状態良好	ブランド指名買い,通年需要,高単価	レザー剥げ/袖汚れ/肩周りダメージ/古い型	レザー剥げ,袖汚れ,肩周りダメージ,古い型	真贋注意,状態注意,相場確認必須	beautiful people ライダース,beautiful people トレンチ,ビューティフルピープル バッグ	3	正面/背面/ブランドタグ/素材タグ/サイズ表記/ダメージ箇所	ブランドタグ・素材タグ・状態を確認し、売り切れ相場3件以上を検索	beautiful peopleはライダースジャケット／トレンチコート／バッグを優先確認。仕入れ上限を超える場合は相場確認必須。	ブランド,服種類,サイズ,素材,状態,仕入れ値,ブランドタグ写真,素材タグ写真,全体写真	真贋不明で高仕入れ/強い臭い/大きなシミ/破れ/ベタつき	売り切れ相場3件以上かつリペア可能で仕入れが十分安い場合のみ検討	ブランドタグ・素材タグ・ダメージ・サイズ・付属品の有無を確認しましたか？	beautiful people ライダース	beautiful people トレンチ	ビューティフルピープル バッグ	全体正面・背面、ブランドタグ、素材タグ、サイズ表記、脇、襟袖、裾、裏地、ダメージ箇所を撮影	高仕入れ時は売り切れ相場3件以上確認。状態NGがある場合は原則見送り。
v5_expanded_additions	RULE_EXP_008	BRD_THE_RERACS	CAT_LADIES	TRUE	v4.1	https://jp.mercari.com/search?keyword=THE%20RERACS%20%E3%83%A2%E3%83%83%E3%82%BA%E3%82%B3%E3%83%BC%E3%83%88	https://jp.mercari.com/search?keyword=%E3%83%AA%E3%83%A9%E3%82%AF%E3%82%B9%20%E3%82%B3%E3%83%BC%E3%83%88	https://jp.mercari.com/search?keyword=THE%20RERACS%20%E3%82%B7%E3%83%A3%E3%83%84	レディース服	ユニセックス	THE RERACS	ザ・リラクス	モッズコート／シャツ／パンツ	モッズコート／ショートモッズ／シャツ／パンツ	通年	通年	2〜8週間	ウール/コットン/高密度素材	ウール,コットン,高密度素材	M/L/人気サイズ/大きいサイズ	M,L,人気サイズ,大きいサイズ	3000〜12000	3000	12000	10000〜40000	10000	40000	約-4200〜32250	-4200	32250	750	1200	宅急便60〜100	高	A	78	70	85	75	普通	70	高	中	25	中	25	75	61	条件付き買い	中	モッズコート/ライナー付き/美品/サイズ36/38	モッズコート,ライナー付き,美品,サイズ36,38	ブランド指名買い,通年需要,高単価	ライナー欠品/袖汚れ/色褪せ/金具不良	ライナー欠品,袖汚れ,色褪せ,金具不良	真贋注意,状態注意,相場確認必須	THE RERACS モッズコート,リラクス コート,THE RERACS シャツ	3	正面/背面/ブランドタグ/素材タグ/サイズ表記/ダメージ箇所	ブランドタグ・素材タグ・状態を確認し、売り切れ相場3件以上を検索	THE RERACSはモッズコート／ショートモッズ／シャツ／パンツを優先確認。仕入れ上限を超える場合は相場確認必須。	ブランド,服種類,サイズ,素材,状態,仕入れ値,ブランドタグ写真,素材タグ写真,全体写真	真贋不明で高仕入れ/強い臭い/大きなシミ/破れ/ベタつき	売り切れ相場3件以上かつリペア可能で仕入れが十分安い場合のみ検討	ブランドタグ・素材タグ・ダメージ・サイズ・付属品の有無を確認しましたか？	THE RERACS モッズコート	リラクス コート	THE RERACS シャツ	全体正面・背面、ブランドタグ、素材タグ、サイズ表記、脇、襟袖、裾、裏地、ダメージ箇所を撮影	高仕入れ時は売り切れ相場3件以上確認。状態NGがある場合は原則見送り。
v5_expanded_additions	RULE_EXP_009	BRD_AK_1	CAT_LADIES	TRUE	v4.1	https://jp.mercari.com/search?keyword=AK%2B1%20%E3%83%AF%E3%83%B3%E3%83%94%E3%83%BC%E3%82%B9	https://jp.mercari.com/search?keyword=AK%2B1%20%E3%83%96%E3%83%A9%E3%82%A6%E3%82%B9	https://jp.mercari.com/search?keyword=%E3%82%A8%E3%83%BC%E3%82%B1%E3%83%BC%E3%83%AF%E3%83%B3%20%E3%83%91%E3%83%B3%E3%83%84	レディース服	ユニセックス	AK+1	エーケーワン	ワンピース／ブラウス／パンツ	ワンピース／ブラウス／パンツ	通年	通年	2〜8週間	リネン/コットン/ウール	リネン,コットン,ウール	M/L/人気サイズ/大きいサイズ	M,L,人気サイズ,大きいサイズ	2000〜8000	2000	8000	8000〜25000	8000	25000	約-1550〜20270	-1550	20270	230	750	ゆうパケットポスト〜宅急便60	中	A	78	70	85	75	普通	70	中	中	25	中	25	75	61	条件付き買い	中	大人向け/BEAMS系/完売品/美品	大人向け,BEAMS系,完売品,美品	ブランド指名買い,通年需要,高単価	シミ/黄ばみ/脇汗/強い臭い/破れ/真贋不明	シミ,黄ばみ,脇汗,強い臭い,破れ,真贋不明	真贋注意,状態注意,相場確認必須	AK+1 ワンピース,AK+1 ブラウス,エーケーワン パンツ	3	正面/背面/ブランドタグ/素材タグ/サイズ表記/ダメージ箇所	ブランドタグ・素材タグ・状態を確認し、売り切れ相場3件以上を検索	AK+1はワンピース／ブラウス／パンツを優先確認。仕入れ上限を超える場合は相場確認必須。	ブランド,服種類,サイズ,素材,状態,仕入れ値,ブランドタグ写真,素材タグ写真,全体写真	真贋不明で高仕入れ/強い臭い/大きなシミ/破れ/ベタつき	売り切れ相場3件以上かつリペア可能で仕入れが十分安い場合のみ検討	ブランドタグ・素材タグ・ダメージ・サイズ・付属品の有無を確認しましたか？	AK+1 ワンピース	AK+1 ブラウス	エーケーワン パンツ	全体正面・背面、ブランドタグ、素材タグ、サイズ表記、脇、襟袖、裾、裏地、ダメージ箇所を撮影	高仕入れ時は売り切れ相場3件以上確認。状態NGがある場合は原則見送り。
v5_expanded_additions	RULE_EXP_010	BRD_DEMI_LUXE_BEAMS	CAT_LADIES	TRUE	v4.1	https://jp.mercari.com/search?keyword=Demi-Luxe%20BEAMS%20%E3%83%AF%E3%83%B3%E3%83%94%E3%83%BC%E3%82%B9	https://jp.mercari.com/search?keyword=%E3%83%87%E3%83%9F%E3%83%AB%E3%82%AF%E3%82%B9%20%E3%83%93%E3%83%BC%E3%83%A0%E3%82%B9%20%E3%82%B9%E3%83%BC%E3%83%84	https://jp.mercari.com/search?keyword=Demi-Luxe%20BEAMS%20%E3%83%96%E3%83%A9%E3%82%A6%E3%82%B9	レディース服	ユニセックス	Demi-Luxe BEAMS	デミルクス ビームス	ワンピース／スーツ／ブラウス	式典ワンピース／スーツ／上質ブラウス	通年	通年	2〜8週間	ウール/リネン/シルク混	ウール,リネン,シルク混	M/L/人気サイズ/大きいサイズ	M,L,人気サイズ,大きいサイズ	1000〜5000	1000	5000	5000〜15000	5000	15000	約-1250〜12270	-1250	12270	230	750	ゆうパケットポスト〜宅急便60	中	A	78	70	85	75	普通	70	中	中	25	中	25	75	61	条件付き買い	中	式典/通勤/セットアップ/美品/大きいサイズ	式典,通勤,セットアップ,美品,大きいサイズ	ブランド指名買い,通年需要,高単価	シミ/黄ばみ/脇汗/強い臭い/破れ/真贋不明	シミ,黄ばみ,脇汗,強い臭い,破れ,真贋不明	真贋注意,状態注意,相場確認必須	Demi-Luxe BEAMS ワンピース,デミルクス ビームス スーツ,Demi-Luxe BEAMS ブラウス	3	正面/背面/ブランドタグ/素材タグ/サイズ表記/ダメージ箇所	ブランドタグ・素材タグ・状態を確認し、売り切れ相場3件以上を検索	Demi-Luxe BEAMSは式典ワンピース／スーツ／上質ブラウスを優先確認。仕入れ上限を超える場合は相場確認必須。	ブランド,服種類,サイズ,素材,状態,仕入れ値,ブランドタグ写真,素材タグ写真,全体写真	真贋不明で高仕入れ/強い臭い/大きなシミ/破れ/ベタつき	売り切れ相場3件以上かつリペア可能で仕入れが十分安い場合のみ検討	ブランドタグ・素材タグ・ダメージ・サイズ・付属品の有無を確認しましたか？	Demi-Luxe BEAMS ワンピース	デミルクス ビームス スーツ	Demi-Luxe BEAMS ブラウス	全体正面・背面、ブランドタグ、素材タグ、サイズ表記、脇、襟袖、裾、裏地、ダメージ箇所を撮影	高仕入れ時は売り切れ相場3件以上確認。状態NGがある場合は原則見送り。
v5_expanded_additions	RULE_EXP_011	BRD_EFFE_BEAMS	CAT_LADIES	TRUE	v4.1	https://jp.mercari.com/search?keyword=EFFE%20BEAMS%20%E3%83%AF%E3%83%B3%E3%83%94%E3%83%BC%E3%82%B9	https://jp.mercari.com/search?keyword=EFFE%20BEAMS%20%E3%83%96%E3%83%A9%E3%82%A6%E3%82%B9	https://jp.mercari.com/search?keyword=%E3%82%A8%E3%83%83%E3%83%95%E3%82%A7%E3%83%93%E3%83%BC%E3%83%A0%E3%82%B9%20%E3%82%B8%E3%83%A3%E3%82%B1%E3%83%83%E3%83%88	レディース服	ユニセックス	EFFE BEAMS	エッフェ ビームス	ワンピース／ブラウス／ジャケット	高級ラインのワンピース／ブラウス／ジャケット	通年	通年	2〜8週間	シルク/ウール/リネン	シルク,ウール,リネン	M/L/人気サイズ/大きいサイズ	M,L,人気サイズ,大きいサイズ	2000〜8000	2000	8000	8000〜25000	8000	25000	約-2000〜19750	-2000	19750	750	1200	宅急便60〜100	高	A	78	70	85	75	普通	70	中	中	25	中	25	75	61	条件付き買い	中	Demi-Luxeより高級/高素材/美品	Demi-Luxeより高級,高素材,美品	ブランド指名買い,通年需要,高単価	シミ/黄ばみ/脇汗/強い臭い/破れ/真贋不明	シミ,黄ばみ,脇汗,強い臭い,破れ,真贋不明	真贋注意,状態注意,相場確認必須	EFFE BEAMS ワンピース,EFFE BEAMS ブラウス,エッフェビームス ジャケット	3	正面/背面/ブランドタグ/素材タグ/サイズ表記/ダメージ箇所	ブランドタグ・素材タグ・状態を確認し、売り切れ相場3件以上を検索	EFFE BEAMSは高級ラインのワンピース／ブラウス／ジャケットを優先確認。仕入れ上限を超える場合は相場確認必須。	ブランド,服種類,サイズ,素材,状態,仕入れ値,ブランドタグ写真,素材タグ写真,全体写真	真贋不明で高仕入れ/強い臭い/大きなシミ/破れ/ベタつき	売り切れ相場3件以上かつリペア可能で仕入れが十分安い場合のみ検討	ブランドタグ・素材タグ・ダメージ・サイズ・付属品の有無を確認しましたか？	EFFE BEAMS ワンピース	EFFE BEAMS ブラウス	エッフェビームス ジャケット	全体正面・背面、ブランドタグ、素材タグ、サイズ表記、脇、襟袖、裾、裏地、ダメージ箇所を撮影	高仕入れ時は売り切れ相場3件以上確認。状態NGがある場合は原則見送り。
v5_expanded_additions	RULE_EXP_012	BRD_SACRA	CAT_LADIES	TRUE	v4.1	https://jp.mercari.com/search?keyword=SACRA%20%E3%83%AF%E3%83%B3%E3%83%94%E3%83%BC%E3%82%B9	https://jp.mercari.com/search?keyword=SACRA%20%E3%83%96%E3%83%A9%E3%82%A6%E3%82%B9	https://jp.mercari.com/search?keyword=%E3%82%B5%E3%82%AF%E3%83%A9%20%E3%82%B7%E3%83%A3%E3%83%84	レディース服	ユニセックス	SACRA	サクラ	ワンピース／ブラウス／シャツ	ワンピース／ブラウス／シャツ	通年	通年	2〜8週間	リネン/コットン/シルク混	リネン,コットン,シルク混	M/L/人気サイズ/大きいサイズ	M,L,人気サイズ,大きいサイズ	1500〜6000	1500	6000	7000〜18000	7000	18000	約-450〜14470	-450	14470	230	750	ゆうパケットポスト〜宅急便60	中	A	78	70	85	75	普通	70	中	中	25	中	25	75	61	条件付き買い	中	ロング丈/リネン/上品デザイン/美品	ロング丈,リネン,上品デザイン,美品	ブランド指名買い,通年需要,高単価	シミ/黄ばみ/脇汗/強い臭い/破れ/真贋不明	シミ,黄ばみ,脇汗,強い臭い,破れ,真贋不明	真贋注意,状態注意,相場確認必須	SACRA ワンピース,SACRA ブラウス,サクラ シャツ	3	正面/背面/ブランドタグ/素材タグ/サイズ表記/ダメージ箇所	ブランドタグ・素材タグ・状態を確認し、売り切れ相場3件以上を検索	SACRAはワンピース／ブラウス／シャツを優先確認。仕入れ上限を超える場合は相場確認必須。	ブランド,服種類,サイズ,素材,状態,仕入れ値,ブランドタグ写真,素材タグ写真,全体写真	真贋不明で高仕入れ/強い臭い/大きなシミ/破れ/ベタつき	売り切れ相場3件以上かつリペア可能で仕入れが十分安い場合のみ検討	ブランドタグ・素材タグ・ダメージ・サイズ・付属品の有無を確認しましたか？	SACRA ワンピース	SACRA ブラウス	サクラ シャツ	全体正面・背面、ブランドタグ、素材タグ、サイズ表記、脇、襟袖、裾、裏地、ダメージ箇所を撮影	高仕入れ時は売り切れ相場3件以上確認。状態NGがある場合は原則見送り。
v5_expanded_additions	RULE_EXP_013	BRD_ELIN	CAT_LADIES	TRUE	v4.1	https://jp.mercari.com/search?keyword=ELIN%20%E3%83%AF%E3%83%B3%E3%83%94%E3%83%BC%E3%82%B9	https://jp.mercari.com/search?keyword=ELIN%20%E3%82%B9%E3%82%AB%E3%83%BC%E3%83%88	https://jp.mercari.com/search?keyword=%E3%82%A8%E3%83%AA%E3%83%B3%20%E3%83%96%E3%83%A9%E3%82%A6%E3%82%B9	レディース服	ユニセックス	ELIN	エリン	ワンピース／スカート／ブラウス	デザインワンピース／スカート／ブラウス	通年	通年	2〜8週間	デザイン性/ウール/コットン	デザイン性,ウール,コットン	M/L/人気サイズ/大きいサイズ	M,L,人気サイズ,大きいサイズ	2000〜7000	2000	7000	8000〜22000	8000	22000	約-550〜17570	-550	17570	230	750	ゆうパケットポスト〜宅急便60	中	A	78	70	85	75	普通	70	中	中	25	中	25	75	61	条件付き買い	中	デザイン性/流通少なめ/美品/ロング丈	デザイン性,流通少なめ,美品,ロング丈	ブランド指名買い,通年需要,高単価	シミ/黄ばみ/脇汗/強い臭い/破れ/真贋不明	シミ,黄ばみ,脇汗,強い臭い,破れ,真贋不明	真贋注意,状態注意,相場確認必須	ELIN ワンピース,ELIN スカート,エリン ブラウス	3	正面/背面/ブランドタグ/素材タグ/サイズ表記/ダメージ箇所	ブランドタグ・素材タグ・状態を確認し、売り切れ相場3件以上を検索	ELINはデザインワンピース／スカート／ブラウスを優先確認。仕入れ上限を超える場合は相場確認必須。	ブランド,服種類,サイズ,素材,状態,仕入れ値,ブランドタグ写真,素材タグ写真,全体写真	真贋不明で高仕入れ/強い臭い/大きなシミ/破れ/ベタつき	売り切れ相場3件以上かつリペア可能で仕入れが十分安い場合のみ検討	ブランドタグ・素材タグ・ダメージ・サイズ・付属品の有無を確認しましたか？	ELIN ワンピース	ELIN スカート	エリン ブラウス	全体正面・背面、ブランドタグ、素材タグ、サイズ表記、脇、襟袖、裾、裏地、ダメージ箇所を撮影	高仕入れ時は売り切れ相場3件以上確認。状態NGがある場合は原則見送り。
v5_expanded_additions	RULE_EXP_014	BRD_AKTE	CAT_LADIES	TRUE	v4.1	https://jp.mercari.com/search?keyword=AKTE%20%E3%83%AF%E3%83%B3%E3%83%94%E3%83%BC%E3%82%B9	https://jp.mercari.com/search?keyword=AKTE%20%E3%82%B8%E3%83%AC	https://jp.mercari.com/search?keyword=%E3%82%A2%E3%82%AF%E3%83%86%20%E3%82%BB%E3%83%83%E3%83%88%E3%82%A2%E3%83%83%E3%83%97	レディース服	ユニセックス	AKTE	アクテ	ワンピース／ジレ／セットアップ	ワンピース／ジレ／セットアップ	通年	通年	2〜8週間	リネン/コットン/セットアップ	リネン,コットン,セットアップ	M/L/人気サイズ/大きいサイズ	M,L,人気サイズ,大きいサイズ	1000〜5000	1000	5000	5000〜15000	5000	15000	約-1250〜12270	-1250	12270	230	750	ゆうパケットポスト〜宅急便60	中	A	78	70	85	75	普通	70	中	中	25	中	25	75	61	条件付き買い	中	インスタ系/完売品/セットアップ/現行感	インスタ系,完売品,セットアップ,現行感	ブランド指名買い,通年需要,高単価	シミ/黄ばみ/脇汗/強い臭い/破れ/真贋不明	シミ,黄ばみ,脇汗,強い臭い,破れ,真贋不明	真贋注意,状態注意,相場確認必須	AKTE ワンピース,AKTE ジレ,アクテ セットアップ	3	正面/背面/ブランドタグ/素材タグ/サイズ表記/ダメージ箇所	ブランドタグ・素材タグ・状態を確認し、売り切れ相場3件以上を検索	AKTEはワンピース／ジレ／セットアップを優先確認。仕入れ上限を超える場合は相場確認必須。	ブランド,服種類,サイズ,素材,状態,仕入れ値,ブランドタグ写真,素材タグ写真,全体写真	真贋不明で高仕入れ/強い臭い/大きなシミ/破れ/ベタつき	売り切れ相場3件以上かつリペア可能で仕入れが十分安い場合のみ検討	ブランドタグ・素材タグ・ダメージ・サイズ・付属品の有無を確認しましたか？	AKTE ワンピース	AKTE ジレ	アクテ セットアップ	全体正面・背面、ブランドタグ、素材タグ、サイズ表記、脇、襟袖、裾、裏地、ダメージ箇所を撮影	高仕入れ時は売り切れ相場3件以上確認。状態NGがある場合は原則見送り。
v5_expanded_additions	RULE_EXP_015	BRD_ETR_TOKYO	CAT_LADIES	TRUE	v4.1	https://jp.mercari.com/search?keyword=ETR%C3%89%20TOKYO%20%E3%83%AF%E3%83%B3%E3%83%94%E3%83%BC%E3%82%B9	https://jp.mercari.com/search?keyword=ETR%C3%89%20TOKYO%20%E3%82%BB%E3%83%83%E3%83%88%E3%82%A2%E3%83%83%E3%83%97	https://jp.mercari.com/search?keyword=%E3%82%A8%E3%83%88%E3%83%AC%E3%83%88%E3%82%A6%E3%82%AD%E3%83%A7%E3%82%A6%20%E3%82%A2%E3%82%A6%E3%82%BF%E3%83%BC	レディース服	ユニセックス	ETRÉ TOKYO	エトレトウキョウ	ワンピース／アウター／セットアップ	ワンピース／アウター／セットアップ	通年	通年	2〜8週間	リネン/ウール/コットン/セットアップ	リネン,ウール,コットン,セットアップ	M/L/人気サイズ/大きいサイズ	M,L,人気サイズ,大きいサイズ	2000〜8000	2000	8000	8000〜25000	8000	25000	約-2000〜19750	-2000	19750	750	1200	宅急便60〜100	高	A	78	70	85	75	普通	70	中	中	25	中	25	75	61	条件付き買い	中	近年人気/完売品/品番あり/セットアップ	近年人気,完売品,品番あり,セットアップ	ブランド指名買い,通年需要,高単価	シミ/黄ばみ/脇汗/強い臭い/破れ/真贋不明	シミ,黄ばみ,脇汗,強い臭い,破れ,真贋不明	真贋注意,状態注意,相場確認必須	ETRÉ TOKYO ワンピース,ETRÉ TOKYO セットアップ,エトレトウキョウ アウター	3	正面/背面/ブランドタグ/素材タグ/サイズ表記/ダメージ箇所	ブランドタグ・素材タグ・状態を確認し、売り切れ相場3件以上を検索	ETRÉ TOKYOはワンピース／アウター／セットアップを優先確認。仕入れ上限を超える場合は相場確認必須。	ブランド,服種類,サイズ,素材,状態,仕入れ値,ブランドタグ写真,素材タグ写真,全体写真	真贋不明で高仕入れ/強い臭い/大きなシミ/破れ/ベタつき	売り切れ相場3件以上かつリペア可能で仕入れが十分安い場合のみ検討	ブランドタグ・素材タグ・ダメージ・サイズ・付属品の有無を確認しましたか？	ETRÉ TOKYO ワンピース	ETRÉ TOKYO セットアップ	エトレトウキョウ アウター	全体正面・背面、ブランドタグ、素材タグ、サイズ表記、脇、襟袖、裾、裏地、ダメージ箇所を撮影	高仕入れ時は売り切れ相場3件以上確認。状態NGがある場合は原則見送り。
v5_expanded_additions	RULE_EXP_016	BRD_STYLEVOICE_FOR_XXX	CAT_LADIES	TRUE	v4.1	https://jp.mercari.com/search?keyword=Stylevoice%20for%20xxx%20%E3%83%AF%E3%83%B3%E3%83%94%E3%83%BC%E3%82%B9	https://jp.mercari.com/search?keyword=%E3%82%B9%E3%82%BF%E3%82%A4%E3%83%AB%E3%83%B4%E3%82%A9%E3%82%A4%E3%82%B9%20%E3%83%96%E3%83%A9%E3%82%A6%E3%82%B9	https://jp.mercari.com/search?keyword=Stylevoice%20%E5%AE%8C%E5%A3%B2	レディース服	ユニセックス	Stylevoice for xxx	スタイルヴォイス フォー	ワンピース／ブラウス	インフルエンサー系ワンピース／ブラウス	通年	通年	2〜8週間	デザイン/完売品	デザイン,完売品	M/L/人気サイズ/大きいサイズ	M,L,人気サイズ,大きいサイズ	1000〜4000	1000	4000	5000〜12000	5000	12000	約-250〜9570	-250	9570	230	750	ゆうパケットポスト〜宅急便60	中	B	60	55	70	75	普通	70	中	中	25	中	25	60	50	慎重	中	インフルエンサー系/完売品/安仕入れ	インフルエンサー系,完売品,安仕入れ	ブランド指名買い,通年需要,高単価	シミ/黄ばみ/脇汗/強い臭い/破れ/真贋不明	シミ,黄ばみ,脇汗,強い臭い,破れ,真贋不明	真贋注意,状態注意,相場確認必須	Stylevoice for xxx ワンピース,スタイルヴォイス ブラウス,Stylevoice 完売	3	正面/背面/ブランドタグ/素材タグ/サイズ表記/ダメージ箇所	ブランドタグ・素材タグ・状態を確認し、売り切れ相場3件以上を検索	Stylevoice for xxxはインフルエンサー系ワンピース／ブラウスを優先確認。仕入れ上限を超える場合は相場確認必須。	ブランド,服種類,サイズ,素材,状態,仕入れ値,ブランドタグ写真,素材タグ写真,全体写真	真贋不明で高仕入れ/強い臭い/大きなシミ/破れ/ベタつき	売り切れ相場3件以上かつリペア可能で仕入れが十分安い場合のみ検討	ブランドタグ・素材タグ・ダメージ・サイズ・付属品の有無を確認しましたか？	Stylevoice for xxx ワンピース	スタイルヴォイス ブラウス	Stylevoice 完売	全体正面・背面、ブランドタグ、素材タグ、サイズ表記、脇、襟袖、裾、裏地、ダメージ箇所を撮影	高仕入れ時は売り切れ相場3件以上確認。状態NGがある場合は原則見送り。
v5_expanded_additions	RULE_EXP_017	BRD_MAME_KUROGOUCHI	CAT_LADIES	TRUE	v4.1	https://jp.mercari.com/search?keyword=Mame%20Kurogouchi%20%E3%83%AF%E3%83%B3%E3%83%94%E3%83%BC%E3%82%B9	https://jp.mercari.com/search?keyword=Mame%20Kurogouchi%20%E3%83%89%E3%83%AC%E3%82%B9	https://jp.mercari.com/search?keyword=%E3%83%9E%E3%83%A1%E3%82%AF%E3%83%AD%E3%82%B4%E3%82%A6%E3%83%81%20%E5%88%BA%E7%B9%8D	レディース服	ユニセックス	Mame Kurogouchi	マメ クロゴウチ	刺繍ワンピース／ニット／ドレス	刺繍ワンピース／ドレス／ニット／ジャガード	通年	通年	2〜8週間	刺繍/ジャガード/シルク/レース	刺繍,ジャガード,シルク,レース	M/L/人気サイズ/大きいサイズ	M,L,人気サイズ,大きいサイズ	5000〜20000	5000	20000	18000〜80000	18000	80000	約-4550〜66770	-4550	66770	230	750	ゆうパケットポスト〜宅急便60	中	S	92	80	85	75	普通	70	高	中	25	中	25	75	66	条件付き買い	中	刺繍/ジャガード/ドレス/人気型/美品	刺繍,ジャガード,ドレス,人気型,美品	ブランド指名買い,通年需要,高単価	引っ掛け/ほつれ/脇汗/シミ/真贋不明	引っ掛け,ほつれ,脇汗,シミ,真贋不明	真贋注意,状態注意,相場確認必須	Mame Kurogouchi ワンピース,Mame Kurogouchi ドレス,マメクロゴウチ 刺繍	3	正面/背面/ブランドタグ/素材タグ/サイズ表記/ダメージ箇所	ブランドタグ・素材タグ・状態を確認し、売り切れ相場3件以上を検索	Mame Kurogouchiは刺繍ワンピース／ドレス／ニット／ジャガードを優先確認。仕入れ上限を超える場合は相場確認必須。	ブランド,服種類,サイズ,素材,状態,仕入れ値,ブランドタグ写真,素材タグ写真,全体写真	真贋不明で高仕入れ/強い臭い/大きなシミ/破れ/ベタつき	売り切れ相場3件以上かつリペア可能で仕入れが十分安い場合のみ検討	ブランドタグ・素材タグ・ダメージ・サイズ・付属品の有無を確認しましたか？	Mame Kurogouchi ワンピース	Mame Kurogouchi ドレス	マメクロゴウチ 刺繍	全体正面・背面、ブランドタグ、素材タグ、サイズ表記、脇、襟袖、裾、裏地、ダメージ箇所を撮影	高仕入れ時は売り切れ相場3件以上確認。状態NGがある場合は原則見送り。
v5_expanded_additions	RULE_EXP_018	BRD_CFCL	CAT_LADIES	TRUE	v4.1	https://jp.mercari.com/search?keyword=CFCL%20POTTERY	https://jp.mercari.com/search?keyword=CFCL%20%E3%83%AF%E3%83%B3%E3%83%94%E3%83%BC%E3%82%B9	https://jp.mercari.com/search?keyword=%E3%82%B7%E3%83%BC%E3%82%A8%E3%83%95%E3%82%B7%E3%83%BC%E3%82%A8%E3%83%AB%20%E3%83%89%E3%83%AC%E3%82%B9	レディース服	ユニセックス	CFCL	シーエフシーエル	ニットワンピース／トップス／スカート	POTTERYドレス／ニットワンピース／トップス	通年	通年	2〜8週間	ニット/立体シルエット/現行人気	ニット,立体シルエット,現行人気	M/L/人気サイズ/大きいサイズ	M,L,人気サイズ,大きいサイズ	5000〜18000	5000	18000	18000〜70000	18000	70000	約-2550〜57770	-2550	57770	230	750	ゆうパケットポスト〜宅急便60	中	S	92	80	70	75	普通	70	高	中	25	中	25	75	64	条件付き買い	中	POTTERY/人気色/サイズ1〜3/美品	POTTERY,人気色,サイズ1〜3,美品	ブランド指名買い,通年需要,高単価	糸引き/伸び/毛羽立ち/強い汚れ	糸引き,伸び,毛羽立ち,強い汚れ	真贋注意,状態注意,相場確認必須	CFCL POTTERY,CFCL ワンピース,シーエフシーエル ドレス	3	正面/背面/ブランドタグ/素材タグ/サイズ表記/ダメージ箇所	ブランドタグ・素材タグ・状態を確認し、売り切れ相場3件以上を検索	CFCLはPOTTERYドレス／ニットワンピース／トップスを優先確認。仕入れ上限を超える場合は相場確認必須。	ブランド,服種類,サイズ,素材,状態,仕入れ値,ブランドタグ写真,素材タグ写真,全体写真	真贋不明で高仕入れ/強い臭い/大きなシミ/破れ/ベタつき	売り切れ相場3件以上かつリペア可能で仕入れが十分安い場合のみ検討	ブランドタグ・素材タグ・ダメージ・サイズ・付属品の有無を確認しましたか？	CFCL POTTERY	CFCL ワンピース	シーエフシーエル ドレス	全体正面・背面、ブランドタグ、素材タグ、サイズ表記、脇、襟袖、裾、裏地、ダメージ箇所を撮影	高仕入れ時は売り切れ相場3件以上確認。状態NGがある場合は原則見送り。
v5_expanded_additions	RULE_EXP_019	BRD_FETICO	CAT_LADIES	TRUE	v4.1	https://jp.mercari.com/search?keyword=FETICO%20%E3%83%AF%E3%83%B3%E3%83%94%E3%83%BC%E3%82%B9	https://jp.mercari.com/search?keyword=FETICO%20%E3%83%89%E3%83%AC%E3%82%B9	https://jp.mercari.com/search?keyword=%E3%83%95%E3%82%A7%E3%83%86%E3%82%A3%E3%82%B3%20%E3%83%88%E3%83%83%E3%83%97%E3%82%B9	レディース服	ユニセックス	FETICO	フェティコ	ワンピース／トップス／ドレス	デザインワンピース／ドレス／トップス	通年	通年	2〜8週間	デザイン性/レース/シアー素材	デザイン性,レース,シアー素材	M/L/人気サイズ/大きいサイズ	M,L,人気サイズ,大きいサイズ	5000〜18000	5000	18000	18000〜70000	18000	70000	約-2550〜57770	-2550	57770	230	750	ゆうパケットポスト〜宅急便60	中	S	92	80	70	75	普通	70	高	中	25	中	25	75	64	条件付き買い	中	人気型/完売品/ドレス/美品	人気型,完売品,ドレス,美品	ブランド指名買い,通年需要,高単価	引っ掛け/シアー破れ/脇汗/真贋不明	引っ掛け,シアー破れ,脇汗,真贋不明	真贋注意,状態注意,相場確認必須	FETICO ワンピース,FETICO ドレス,フェティコ トップス	3	正面/背面/ブランドタグ/素材タグ/サイズ表記/ダメージ箇所	ブランドタグ・素材タグ・状態を確認し、売り切れ相場3件以上を検索	FETICOはデザインワンピース／ドレス／トップスを優先確認。仕入れ上限を超える場合は相場確認必須。	ブランド,服種類,サイズ,素材,状態,仕入れ値,ブランドタグ写真,素材タグ写真,全体写真	真贋不明で高仕入れ/強い臭い/大きなシミ/破れ/ベタつき	売り切れ相場3件以上かつリペア可能で仕入れが十分安い場合のみ検討	ブランドタグ・素材タグ・ダメージ・サイズ・付属品の有無を確認しましたか？	FETICO ワンピース	FETICO ドレス	フェティコ トップス	全体正面・背面、ブランドタグ、素材タグ、サイズ表記、脇、襟袖、裾、裏地、ダメージ箇所を撮影	高仕入れ時は売り切れ相場3件以上確認。状態NGがある場合は原則見送り。
v5_expanded_additions	RULE_EXP_020	BRD_TOGA_PULLA	CAT_LADIES	TRUE	v4.1	https://jp.mercari.com/search?keyword=TOGA%20PULLA%20%E9%9D%B4	https://jp.mercari.com/search?keyword=TOGA%20PULLA%20%E3%83%AF%E3%83%B3%E3%83%94%E3%83%BC%E3%82%B9	https://jp.mercari.com/search?keyword=%E3%83%88%E3%83%BC%E3%82%AC%E3%83%97%E3%83%AB%E3%83%A9%20%E3%83%90%E3%83%83%E3%82%B0	レディース服	ユニセックス	TOGA PULLA	トーガプルラ	ワンピース／ブラウス／靴／バッグ	メタルパーツ靴／ブラウス／ワンピース／バッグ	通年	通年	2〜8週間	レザー/メタルパーツ/デザイン性	レザー,メタルパーツ,デザイン性	M/L/人気サイズ/大きいサイズ	M,L,人気サイズ,大きいサイズ	3000〜12000	3000	12000	10000〜40000	10000	40000	約-4050〜32250	-4050	32250	750	1050	宅急便60〜80	高	A	78	70	85	75	普通	70	高	中	25	中	25	75	61	条件付き買い	中	メタルパーツ/人気型/靴/バッグ/美品	メタルパーツ,人気型,靴,バッグ,美品	ブランド指名買い,通年需要,高単価	金具傷大/レザー剥げ/ソール減り/汚れ	金具傷大,レザー剥げ,ソール減り,汚れ	真贋注意,状態注意,相場確認必須	TOGA PULLA 靴,TOGA PULLA ワンピース,トーガプルラ バッグ	3	正面/背面/ブランドタグ/素材タグ/サイズ表記/ダメージ箇所	ブランドタグ・素材タグ・状態を確認し、売り切れ相場3件以上を検索	TOGA PULLAはメタルパーツ靴／ブラウス／ワンピース／バッグを優先確認。仕入れ上限を超える場合は相場確認必須。	ブランド,服種類,サイズ,素材,状態,仕入れ値,ブランドタグ写真,素材タグ写真,全体写真	真贋不明で高仕入れ/強い臭い/大きなシミ/破れ/ベタつき	売り切れ相場3件以上かつリペア可能で仕入れが十分安い場合のみ検討	ブランドタグ・素材タグ・ダメージ・サイズ・付属品の有無を確認しましたか？	TOGA PULLA 靴	TOGA PULLA ワンピース	トーガプルラ バッグ	全体正面・背面、ブランドタグ、素材タグ、サイズ表記、脇、襟袖、裾、裏地、ダメージ箇所を撮影	高仕入れ時は売り切れ相場3件以上確認。状態NGがある場合は原則見送り。
v5_expanded_additions	RULE_EXP_021	BRD_UJOH	CAT_LADIES	TRUE	v4.1	https://jp.mercari.com/search?keyword=Ujoh%20%E3%83%AF%E3%83%B3%E3%83%94%E3%83%BC%E3%82%B9	https://jp.mercari.com/search?keyword=Ujoh%20%E3%82%B7%E3%83%A3%E3%83%84	https://jp.mercari.com/search?keyword=%E3%82%A6%E3%82%B8%E3%83%A7%E3%83%BC%20%E3%83%91%E3%83%B3%E3%83%84	レディース服	ユニセックス	Ujoh	ウジョー	変形ワンピース／シャツ／パンツ	変形ワンピース／シャツ／パンツ	通年	通年	2〜8週間	変形デザイン/ウール/コットン	変形デザイン,ウール,コットン	M/L/人気サイズ/大きいサイズ	M,L,人気サイズ,大きいサイズ	3000〜12000	3000	12000	12000〜40000	12000	40000	約-1950〜32770	-1950	32770	230	750	ゆうパケットポスト〜宅急便60	中	A	78	70	85	75	普通	70	高	中	25	中	25	75	61	条件付き買い	中	変形/アシンメトリー/美品/現行感	変形,アシンメトリー,美品,現行感	ブランド指名買い,通年需要,高単価	シミ/黄ばみ/脇汗/強い臭い/破れ/真贋不明	シミ,黄ばみ,脇汗,強い臭い,破れ,真贋不明	真贋注意,状態注意,相場確認必須	Ujoh ワンピース,Ujoh シャツ,ウジョー パンツ	3	正面/背面/ブランドタグ/素材タグ/サイズ表記/ダメージ箇所	ブランドタグ・素材タグ・状態を確認し、売り切れ相場3件以上を検索	Ujohは変形ワンピース／シャツ／パンツを優先確認。仕入れ上限を超える場合は相場確認必須。	ブランド,服種類,サイズ,素材,状態,仕入れ値,ブランドタグ写真,素材タグ写真,全体写真	真贋不明で高仕入れ/強い臭い/大きなシミ/破れ/ベタつき	売り切れ相場3件以上かつリペア可能で仕入れが十分安い場合のみ検討	ブランドタグ・素材タグ・ダメージ・サイズ・付属品の有無を確認しましたか？	Ujoh ワンピース	Ujoh シャツ	ウジョー パンツ	全体正面・背面、ブランドタグ、素材タグ、サイズ表記、脇、襟袖、裾、裏地、ダメージ箇所を撮影	高仕入れ時は売り切れ相場3件以上確認。状態NGがある場合は原則見送り。
v5_expanded_additions	RULE_EXP_022	BRD_INSCRIRE	CAT_LADIES	TRUE	v4.1	https://jp.mercari.com/search?keyword=INSCRIRE%20%E3%83%87%E3%83%8B%E3%83%A0	https://jp.mercari.com/search?keyword=INSCRIRE%20%E3%83%8B%E3%83%83%E3%83%88	https://jp.mercari.com/search?keyword=%E3%82%A2%E3%83%B3%E3%82%B9%E3%82%AF%E3%83%AA%E3%82%A2%20%E3%82%B7%E3%83%A3%E3%83%84	レディース服	ユニセックス	INSCRIRE	アンスクリア	デニム／ニット／シャツ／アウター	デニム／ニット／シャツ／アウター	通年	通年	2〜8週間	デニム/ウール/カシミヤ/コットン	デニム,ウール,カシミヤ,コットン	M/L/人気サイズ/大きいサイズ	M,L,人気サイズ,大きいサイズ	3000〜12000	3000	12000	10000〜35000	10000	35000	約-4200〜27750	-4200	27750	750	1200	宅急便60〜100	高	A	78	70	85	75	普通	70	高	中	25	中	25	75	61	条件付き買い	中	デニム/現行品/美品/サイズ38以上	デニム,現行品,美品,サイズ38以上	ブランド指名買い,通年需要,高単価	シミ/黄ばみ/脇汗/強い臭い/破れ/真贋不明	シミ,黄ばみ,脇汗,強い臭い,破れ,真贋不明	真贋注意,状態注意,相場確認必須	INSCRIRE デニム,INSCRIRE ニット,アンスクリア シャツ	3	正面/背面/ブランドタグ/素材タグ/サイズ表記/ダメージ箇所	ブランドタグ・素材タグ・状態を確認し、売り切れ相場3件以上を検索	INSCRIREはデニム／ニット／シャツ／アウターを優先確認。仕入れ上限を超える場合は相場確認必須。	ブランド,服種類,サイズ,素材,状態,仕入れ値,ブランドタグ写真,素材タグ写真,全体写真	真贋不明で高仕入れ/強い臭い/大きなシミ/破れ/ベタつき	売り切れ相場3件以上かつリペア可能で仕入れが十分安い場合のみ検討	ブランドタグ・素材タグ・ダメージ・サイズ・付属品の有無を確認しましたか？	INSCRIRE デニム	INSCRIRE ニット	アンスクリア シャツ	全体正面・背面、ブランドタグ、素材タグ、サイズ表記、脇、襟袖、裾、裏地、ダメージ箇所を撮影	高仕入れ時は売り切れ相場3件以上確認。状態NGがある場合は原則見送り。
v5_expanded_additions	RULE_EXP_023	BRD_CINOH	CAT_LADIES	TRUE	v4.1	https://jp.mercari.com/search?keyword=CINOH%20%E3%83%8B%E3%83%83%E3%83%88	https://jp.mercari.com/search?keyword=CINOH%20%E3%82%B7%E3%83%A3%E3%83%84	https://jp.mercari.com/search?keyword=%E3%83%81%E3%83%8E%20%E3%82%B3%E3%83%BC%E3%83%88	レディース服	ユニセックス	CINOH	チノ	ニット／シャツ／パンツ／コート	ニット／シャツ／パンツ／コート	通年	通年	2〜8週間	ウール/カシミヤ/上質コットン	ウール,カシミヤ,上質コットン	M/L/人気サイズ/大きいサイズ	M,L,人気サイズ,大きいサイズ	3000〜12000	3000	12000	10000〜35000	10000	35000	約-4200〜27750	-4200	27750	750	1200	宅急便60〜100	高	A	78	70	85	75	普通	70	高	中	25	中	25	75	61	条件付き買い	中	上質素材/現行感/美品/シンプル高級	上質素材,現行感,美品,シンプル高級	ブランド指名買い,通年需要,高単価	シミ/黄ばみ/脇汗/強い臭い/破れ/真贋不明	シミ,黄ばみ,脇汗,強い臭い,破れ,真贋不明	真贋注意,状態注意,相場確認必須	CINOH ニット,CINOH シャツ,チノ コート	3	正面/背面/ブランドタグ/素材タグ/サイズ表記/ダメージ箇所	ブランドタグ・素材タグ・状態を確認し、売り切れ相場3件以上を検索	CINOHはニット／シャツ／パンツ／コートを優先確認。仕入れ上限を超える場合は相場確認必須。	ブランド,服種類,サイズ,素材,状態,仕入れ値,ブランドタグ写真,素材タグ写真,全体写真	真贋不明で高仕入れ/強い臭い/大きなシミ/破れ/ベタつき	売り切れ相場3件以上かつリペア可能で仕入れが十分安い場合のみ検討	ブランドタグ・素材タグ・ダメージ・サイズ・付属品の有無を確認しましたか？	CINOH ニット	CINOH シャツ	チノ コート	全体正面・背面、ブランドタグ、素材タグ、サイズ表記、脇、襟袖、裾、裏地、ダメージ箇所を撮影	高仕入れ時は売り切れ相場3件以上確認。状態NGがある場合は原則見送り。
v5_expanded_additions	RULE_EXP_024	BRD_ASTRAET	CAT_LADIES	TRUE	v4.1	https://jp.mercari.com/search?keyword=ASTRAET%20%E3%83%96%E3%83%A9%E3%82%A6%E3%82%B9	https://jp.mercari.com/search?keyword=ASTRAET%20%E3%83%91%E3%83%B3%E3%83%84	https://jp.mercari.com/search?keyword=%E3%82%A2%E3%82%B9%E3%83%88%E3%83%A9%E3%83%83%E3%83%88%20%E3%83%AF%E3%83%B3%E3%83%94%E3%83%BC%E3%82%B9	レディース服	ユニセックス	ASTRAET	アストラット	ブラウス／パンツ／ワンピース／アウター	ブラウス／パンツ／ワンピース／アウター	通年	通年	2〜8週間	ウール/リネン/デザイン性	ウール,リネン,デザイン性	M/L/人気サイズ/大きいサイズ	M,L,人気サイズ,大きいサイズ	2000〜8000	2000	8000	8000〜25000	8000	25000	約-2000〜19750	-2000	19750	750	1200	宅急便60〜100	高	A	78	70	85	75	普通	70	中	中	25	中	25	75	61	条件付き買い	中	ユナイテッドアローズ上位/美品/現行感	ユナイテッドアローズ上位,美品,現行感	ブランド指名買い,通年需要,高単価	シミ/黄ばみ/脇汗/強い臭い/破れ/真贋不明	シミ,黄ばみ,脇汗,強い臭い,破れ,真贋不明	真贋注意,状態注意,相場確認必須	ASTRAET ブラウス,ASTRAET パンツ,アストラット ワンピース	3	正面/背面/ブランドタグ/素材タグ/サイズ表記/ダメージ箇所	ブランドタグ・素材タグ・状態を確認し、売り切れ相場3件以上を検索	ASTRAETはブラウス／パンツ／ワンピース／アウターを優先確認。仕入れ上限を超える場合は相場確認必須。	ブランド,服種類,サイズ,素材,状態,仕入れ値,ブランドタグ写真,素材タグ写真,全体写真	真贋不明で高仕入れ/強い臭い/大きなシミ/破れ/ベタつき	売り切れ相場3件以上かつリペア可能で仕入れが十分安い場合のみ検討	ブランドタグ・素材タグ・ダメージ・サイズ・付属品の有無を確認しましたか？	ASTRAET ブラウス	ASTRAET パンツ	アストラット ワンピース	全体正面・背面、ブランドタグ、素材タグ、サイズ表記、脇、襟袖、裾、裏地、ダメージ箇所を撮影	高仕入れ時は売り切れ相場3件以上確認。状態NGがある場合は原則見送り。
v5_expanded_additions	RULE_EXP_025	BRD_LOEFF	CAT_LADIES	TRUE	v4.1	https://jp.mercari.com/search?keyword=LOEFF%20%E3%82%B7%E3%83%A3%E3%83%84	https://jp.mercari.com/search?keyword=LOEFF%20%E3%83%91%E3%83%B3%E3%83%84	https://jp.mercari.com/search?keyword=%E3%83%AD%E3%82%A8%E3%83%95%20%E3%83%AF%E3%83%B3%E3%83%94%E3%83%BC%E3%82%B9	レディース服	ユニセックス	LOEFF	ロエフ	シャツ／パンツ／ワンピース／コート	シャツ／パンツ／ワンピース／コート	通年	通年	2〜8週間	上質コットン/ウール/リネン	上質コットン,ウール,リネン	M/L/人気サイズ/大きいサイズ	M,L,人気サイズ,大きいサイズ	3000〜10000	3000	10000	10000〜30000	10000	30000	約-2200〜23250	-2200	23250	750	1200	宅急便60〜100	高	A	78	70	85	75	普通	70	高	中	25	中	25	75	61	条件付き買い	中	ユナイテッドアローズ上位/シンプル高品質/美品	ユナイテッドアローズ上位,シンプル高品質,美品	ブランド指名買い,通年需要,高単価	シミ/黄ばみ/脇汗/強い臭い/破れ/真贋不明	シミ,黄ばみ,脇汗,強い臭い,破れ,真贋不明	真贋注意,状態注意,相場確認必須	LOEFF シャツ,LOEFF パンツ,ロエフ ワンピース	3	正面/背面/ブランドタグ/素材タグ/サイズ表記/ダメージ箇所	ブランドタグ・素材タグ・状態を確認し、売り切れ相場3件以上を検索	LOEFFはシャツ／パンツ／ワンピース／コートを優先確認。仕入れ上限を超える場合は相場確認必須。	ブランド,服種類,サイズ,素材,状態,仕入れ値,ブランドタグ写真,素材タグ写真,全体写真	真贋不明で高仕入れ/強い臭い/大きなシミ/破れ/ベタつき	売り切れ相場3件以上かつリペア可能で仕入れが十分安い場合のみ検討	ブランドタグ・素材タグ・ダメージ・サイズ・付属品の有無を確認しましたか？	LOEFF シャツ	LOEFF パンツ	ロエフ ワンピース	全体正面・背面、ブランドタグ、素材タグ、サイズ表記、脇、襟袖、裾、裏地、ダメージ箇所を撮影	高仕入れ時は売り切れ相場3件以上確認。状態NGがある場合は原則見送り。
v5_expanded_additions	RULE_EXP_026	BRD_CABANA	CAT_LADIES	TRUE	v4.1	https://jp.mercari.com/search?keyword=Cabana%20%E3%82%B7%E3%83%A3%E3%83%84	https://jp.mercari.com/search?keyword=Cabana%20%E3%83%AF%E3%83%B3%E3%83%94%E3%83%BC%E3%82%B9	https://jp.mercari.com/search?keyword=%E3%82%AB%E3%83%90%E3%83%8A%20%E3%82%B8%E3%83%A3%E3%82%B1%E3%83%83%E3%83%88	レディース服	ユニセックス	Cabana	カバナ	シャツ／ジャケット／ワンピース	シャツ／ジャケット／ワンピース	通年	通年	2〜8週間	リネン/コットン/柄物	リネン,コットン,柄物	M/L/人気サイズ/大きいサイズ	M,L,人気サイズ,大きいサイズ	3000〜10000	3000	10000	10000〜30000	10000	30000	約-2200〜23250	-2200	23250	750	1200	宅急便60〜100	高	A	78	70	85	75	普通	70	高	中	25	中	25	75	61	条件付き買い	中	大人カジュアル/柄物/リネン/美品	大人カジュアル,柄物,リネン,美品	ブランド指名買い,通年需要,高単価	シミ/黄ばみ/脇汗/強い臭い/破れ/真贋不明	シミ,黄ばみ,脇汗,強い臭い,破れ,真贋不明	真贋注意,状態注意,相場確認必須	Cabana シャツ,Cabana ワンピース,カバナ ジャケット	3	正面/背面/ブランドタグ/素材タグ/サイズ表記/ダメージ箇所	ブランドタグ・素材タグ・状態を確認し、売り切れ相場3件以上を検索	Cabanaはシャツ／ジャケット／ワンピースを優先確認。仕入れ上限を超える場合は相場確認必須。	ブランド,服種類,サイズ,素材,状態,仕入れ値,ブランドタグ写真,素材タグ写真,全体写真	真贋不明で高仕入れ/強い臭い/大きなシミ/破れ/ベタつき	売り切れ相場3件以上かつリペア可能で仕入れが十分安い場合のみ検討	ブランドタグ・素材タグ・ダメージ・サイズ・付属品の有無を確認しましたか？	Cabana シャツ	Cabana ワンピース	カバナ ジャケット	全体正面・背面、ブランドタグ、素材タグ、サイズ表記、脇、襟袖、裾、裏地、ダメージ箇所を撮影	高仕入れ時は売り切れ相場3件以上確認。状態NGがある場合は原則見送り。
v5_expanded_additions	RULE_EXP_027	BRD_HOUSE_OF_LOTUS	CAT_LADIES	TRUE	v4.1	https://jp.mercari.com/search?keyword=HOUSE%20OF%20LOTUS%20%E3%83%AF%E3%83%B3%E3%83%94%E3%83%BC%E3%82%B9	https://jp.mercari.com/search?keyword=%E3%83%8F%E3%82%A6%E3%82%B9%E3%82%AA%E3%83%96%E3%83%AD%E3%83%BC%E3%82%BF%E3%82%B9%20%E5%88%BA%E7%B9%8D	https://jp.mercari.com/search?keyword=HOUSE%20OF%20LOTUS%20%E3%83%96%E3%83%A9%E3%82%A6%E3%82%B9	レディース服	ユニセックス	HOUSE OF LOTUS	ハウス オブ ロータス	ワンピース／ブラウス／刺繍アイテム	刺繍ワンピース／ブラウス／リネン服	通年	通年	2〜8週間	リネン/刺繍/コットン/シルク	リネン,刺繍,コットン,シルク	M/L/人気サイズ/大きいサイズ	M,L,人気サイズ,大きいサイズ	2000〜8000	2000	8000	8000〜25000	8000	25000	約-1550〜20270	-1550	20270	230	750	ゆうパケットポスト〜宅急便60	中	A	78	70	85	75	普通	70	中	中	25	中	25	75	61	条件付き買い	中	刺繍/リネン/エスニック/ロング丈	刺繍,リネン,エスニック,ロング丈	ブランド指名買い,通年需要,高単価	シミ/黄ばみ/脇汗/強い臭い/破れ/真贋不明	シミ,黄ばみ,脇汗,強い臭い,破れ,真贋不明	真贋注意,状態注意,相場確認必須	HOUSE OF LOTUS ワンピース,ハウスオブロータス 刺繍,HOUSE OF LOTUS ブラウス	3	正面/背面/ブランドタグ/素材タグ/サイズ表記/ダメージ箇所	ブランドタグ・素材タグ・状態を確認し、売り切れ相場3件以上を検索	HOUSE OF LOTUSは刺繍ワンピース／ブラウス／リネン服を優先確認。仕入れ上限を超える場合は相場確認必須。	ブランド,服種類,サイズ,素材,状態,仕入れ値,ブランドタグ写真,素材タグ写真,全体写真	真贋不明で高仕入れ/強い臭い/大きなシミ/破れ/ベタつき	売り切れ相場3件以上かつリペア可能で仕入れが十分安い場合のみ検討	ブランドタグ・素材タグ・ダメージ・サイズ・付属品の有無を確認しましたか？	HOUSE OF LOTUS ワンピース	ハウスオブロータス 刺繍	HOUSE OF LOTUS ブラウス	全体正面・背面、ブランドタグ、素材タグ、サイズ表記、脇、襟袖、裾、裏地、ダメージ箇所を撮影	高仕入れ時は売り切れ相場3件以上確認。状態NGがある場合は原則見送り。
v5_expanded_additions	RULE_EXP_028	BRD_MOTHER	CAT_LADIES	TRUE	v4.1	https://jp.mercari.com/search?keyword=MOTHER%20%E3%83%87%E3%83%8B%E3%83%A0	https://jp.mercari.com/search?keyword=MOTHER%20THE%20INSIDER	https://jp.mercari.com/search?keyword=%E3%83%9E%E3%82%B6%E3%83%BC%20%E3%83%87%E3%83%8B%E3%83%A0	レディース服	ユニセックス	MOTHER	マザー	デニムパンツ／スカート	デニムパンツ／デニムスカート	通年	通年	2〜8週間	デニム/ストレッチ	デニム,ストレッチ	M/L/人気サイズ/大きいサイズ	M,L,人気サイズ,大きいサイズ	2000〜8000	2000	8000	8000〜25000	8000	25000	約-1550〜20270	-1550	20270	230	750	ゆうパケットポスト〜宅急便60	中	A	78	70	70	75	普通	70	中	中	25	中	25	75	58	慎重	中	人気モデル/サイズ25〜28/美脚デニム/美品	人気モデル,サイズ25〜28,美脚デニム,美品	ブランド指名買い,通年需要,高単価	股スレ/膝伸び/裾ダメージ/色落ち強すぎ	股スレ,膝伸び,裾ダメージ,色落ち強すぎ	真贋注意,状態注意,相場確認必須	MOTHER デニム,MOTHER THE INSIDER,マザー デニム	3	正面/背面/ブランドタグ/素材タグ/サイズ表記/ダメージ箇所	ブランドタグ・素材タグ・状態を確認し、売り切れ相場3件以上を検索	MOTHERはデニムパンツ／デニムスカートを優先確認。仕入れ上限を超える場合は相場確認必須。	ブランド,服種類,サイズ,素材,状態,仕入れ値,ブランドタグ写真,素材タグ写真,全体写真	真贋不明で高仕入れ/強い臭い/大きなシミ/破れ/ベタつき	売り切れ相場3件以上かつリペア可能で仕入れが十分安い場合のみ検討	ブランドタグ・素材タグ・ダメージ・サイズ・付属品の有無を確認しましたか？	MOTHER デニム	MOTHER THE INSIDER	マザー デニム	全体正面・背面、ブランドタグ、素材タグ、サイズ表記、脇、襟袖、裾、裏地、ダメージ箇所を撮影	高仕入れ時は売り切れ相場3件以上確認。状態NGがある場合は原則見送り。
v5_expanded_additions	RULE_EXP_029	BRD_UPPER_HIGHTS	CAT_LADIES	TRUE	v4.1	https://jp.mercari.com/search?keyword=upper%20hights%20THE%20STELLA	https://jp.mercari.com/search?keyword=upper%20hights%20%E3%83%87%E3%83%8B%E3%83%A0	https://jp.mercari.com/search?keyword=%E3%82%A2%E3%83%83%E3%83%91%E3%83%BC%E3%83%8F%E3%82%A4%E3%83%84%20THE%20HIS	レディース服	ユニセックス	upper hights	アッパーハイツ	デニムパンツ／デニムジャケット	THE STELLA／THE HIS／デニムパンツ／ジャケット	通年	通年	2〜8週間	デニム/人気モデル	デニム,人気モデル	M/L/人気サイズ/大きいサイズ	M,L,人気サイズ,大きいサイズ	1500〜6000	1500	6000	6000〜18000	6000	18000	約-1800〜13950	-1800	13950	750	1200	宅急便60〜100	高	A	78	70	70	75	普通	70	中	中	25	中	25	75	58	慎重	中	モデル名あり/サイズ22〜25/美品/近年モデル	モデル名あり,サイズ22〜25,美品,近年モデル	ブランド指名買い,通年需要,高単価	股スレ/膝伸び/強い色落ち/裾カット	股スレ,膝伸び,強い色落ち,裾カット	真贋注意,状態注意,相場確認必須	upper hights THE STELLA,upper hights デニム,アッパーハイツ THE HIS	3	正面/背面/ブランドタグ/素材タグ/サイズ表記/ダメージ箇所	ブランドタグ・素材タグ・状態を確認し、売り切れ相場3件以上を検索	upper hightsはTHE STELLA／THE HIS／デニムパンツ／ジャケットを優先確認。仕入れ上限を超える場合は相場確認必須。	ブランド,服種類,サイズ,素材,状態,仕入れ値,ブランドタグ写真,素材タグ写真,全体写真	真贋不明で高仕入れ/強い臭い/大きなシミ/破れ/ベタつき	売り切れ相場3件以上かつリペア可能で仕入れが十分安い場合のみ検討	ブランドタグ・素材タグ・ダメージ・サイズ・付属品の有無を確認しましたか？	upper hights THE STELLA	upper hights デニム	アッパーハイツ THE HIS	全体正面・背面、ブランドタグ、素材タグ、サイズ表記、脇、襟袖、裾、裏地、ダメージ箇所を撮影	高仕入れ時は売り切れ相場3件以上確認。状態NGがある場合は原則見送り。
v5_expanded_additions	RULE_EXP_030	BRD_RED_CARD_TOKYO	CAT_LADIES	TRUE	v4.1	https://jp.mercari.com/search?keyword=RED%20CARD%20TOKYO%20%E3%83%87%E3%83%8B%E3%83%A0	https://jp.mercari.com/search?keyword=RED%20CARD%20Anniversary	https://jp.mercari.com/search?keyword=%E3%83%AC%E3%83%83%E3%83%89%E3%82%AB%E3%83%BC%E3%83%89%20%E3%83%87%E3%83%8B%E3%83%A0	レディース服	ユニセックス	RED CARD TOKYO	レッドカード トーキョー	デニムパンツ／デニムスカート	Anniversary／Marmalade／デニムパンツ	通年	通年	2〜8週間	デニム/人気モデル	デニム,人気モデル	M/L/人気サイズ/大きいサイズ	M,L,人気サイズ,大きいサイズ	1000〜5000	1000	5000	5000〜15000	5000	15000	約-1250〜12270	-1250	12270	230	750	ゆうパケットポスト〜宅急便60	中	A	78	70	70	75	普通	70	中	中	25	中	25	75	58	慎重	中	モデル名あり/サイズ22〜26/美品	モデル名あり,サイズ22〜26,美品	ブランド指名買い,通年需要,高単価	股スレ/膝伸び/裾カット/汚れ	股スレ,膝伸び,裾カット,汚れ	真贋注意,状態注意,相場確認必須	RED CARD TOKYO デニム,RED CARD Anniversary,レッドカード デニム	3	正面/背面/ブランドタグ/素材タグ/サイズ表記/ダメージ箇所	ブランドタグ・素材タグ・状態を確認し、売り切れ相場3件以上を検索	RED CARD TOKYOはAnniversary／Marmalade／デニムパンツを優先確認。仕入れ上限を超える場合は相場確認必須。	ブランド,服種類,サイズ,素材,状態,仕入れ値,ブランドタグ写真,素材タグ写真,全体写真	真贋不明で高仕入れ/強い臭い/大きなシミ/破れ/ベタつき	売り切れ相場3件以上かつリペア可能で仕入れが十分安い場合のみ検討	ブランドタグ・素材タグ・ダメージ・サイズ・付属品の有無を確認しましたか？	RED CARD TOKYO デニム	RED CARD Anniversary	レッドカード デニム	全体正面・背面、ブランドタグ、素材タグ、サイズ表記、脇、襟袖、裾、裏地、ダメージ箇所を撮影	高仕入れ時は売り切れ相場3件以上確認。状態NGがある場合は原則見送り。
v5_expanded_additions	RULE_EXP_031	BRD_FENDI	CAT_BAG	TRUE	v4.1	https://jp.mercari.com/search?keyword=FENDI%20%E3%82%BA%E3%83%83%E3%82%AB%20%E3%83%90%E3%83%83%E3%82%B0	https://jp.mercari.com/search?keyword=FENDI%20%E3%83%9E%E3%83%B3%E3%83%9E%E3%83%90%E3%82%B1%E3%83%83%E3%83%88	https://jp.mercari.com/search?keyword=%E3%83%95%E3%82%A7%E3%83%B3%E3%83%87%E3%82%A3%20%E3%83%9D%E3%83%BC%E3%83%81	バッグ・小物	ユニセックス	FENDI	フェンディ	バッグ／ポーチ／財布	ズッカ柄バッグ／マンマバケット／ポーチ／財布	通年	通年	2〜8週間	レザー/キャンバス/ズッカ柄	レザー,キャンバス,ズッカ柄	M/L/人気サイズ/大きいサイズ	M,L,人気サイズ,大きいサイズ	8000〜30000	8000	30000	25000〜100000	25000	100000	約-8700〜81250	-8700	81250	750	1200	宅急便60〜100	高	A	78	70	85	75	普通	70	高	高	45	高	45	75	55	慎重	中	ズッカ柄/マンマバケット/保存袋付き/美品	ズッカ柄,マンマバケット,保存袋付き,美品	ブランド指名買い,通年需要,高単価	真贋不明/内側ベタつき/角破れ/金具破損	真贋不明,内側ベタつき,角破れ,金具破損	真贋注意,状態注意,相場確認必須	FENDI ズッカ バッグ,FENDI マンマバケット,フェンディ ポーチ	3	正面/背面/ブランドタグ/素材タグ/サイズ表記/ダメージ箇所	ブランドタグ・素材タグ・状態を確認し、売り切れ相場3件以上を検索	FENDIはズッカ柄バッグ／マンマバケット／ポーチ／財布を優先確認。仕入れ上限を超える場合は相場確認必須。	ブランド,服種類,サイズ,素材,状態,仕入れ値,ブランドタグ写真,素材タグ写真,全体写真	真贋不明で高仕入れ/強い臭い/大きなシミ/破れ/ベタつき	売り切れ相場3件以上かつリペア可能で仕入れが十分安い場合のみ検討	ブランドタグ・素材タグ・ダメージ・サイズ・付属品の有無を確認しましたか？	FENDI ズッカ バッグ	FENDI マンマバケット	フェンディ ポーチ	全体正面・背面、ブランドタグ、素材タグ、サイズ表記、脇、襟袖、裾、裏地、ダメージ箇所を撮影	高仕入れ時は売り切れ相場3件以上確認。状態NGがある場合は原則見送り。
v5_expanded_additions	RULE_EXP_032	BRD_BOTTEGA_VENETA	CAT_BAG	TRUE	v4.1	https://jp.mercari.com/search?keyword=Bottega%20Veneta%20%E3%82%A4%E3%83%B3%E3%83%88%E3%83%AC%E3%83%81%E3%83%A3%E3%83%BC%E3%83%88	https://jp.mercari.com/search?keyword=%E3%83%9C%E3%83%83%E3%83%86%E3%82%AC%E3%83%B4%E3%82%A7%E3%83%8D%E3%82%BF%20%E3%83%90%E3%83%83%E3%82%B0	https://jp.mercari.com/search?keyword=Bottega%20Veneta%20%E8%B2%A1%E5%B8%83	バッグ・小物	ユニセックス	Bottega Veneta	ボッテガヴェネタ	バッグ／財布／ポーチ	イントレチャートバッグ／財布／ポーチ	通年	通年	2〜8週間	レザー/イントレチャート	レザー,イントレチャート	M/L/人気サイズ/大きいサイズ	M,L,人気サイズ,大きいサイズ	8000〜30000	8000	30000	25000〜100000	25000	100000	約-8700〜81250	-8700	81250	750	1200	宅急便60〜100	高	A	78	70	85	75	普通	70	高	高	45	高	45	75	55	慎重	中	イントレチャート/現行感/美品/保存袋付き	イントレチャート,現行感,美品,保存袋付き	ブランド指名買い,通年需要,高単価	編み込み破れ/角スレ大/真贋不明/ベタつき	編み込み破れ,角スレ大,真贋不明,ベタつき	真贋注意,状態注意,相場確認必須	Bottega Veneta イントレチャート,ボッテガヴェネタ バッグ,Bottega Veneta 財布	3	正面/背面/ブランドタグ/素材タグ/サイズ表記/ダメージ箇所	ブランドタグ・素材タグ・状態を確認し、売り切れ相場3件以上を検索	Bottega Venetaはイントレチャートバッグ／財布／ポーチを優先確認。仕入れ上限を超える場合は相場確認必須。	ブランド,服種類,サイズ,素材,状態,仕入れ値,ブランドタグ写真,素材タグ写真,全体写真	真贋不明で高仕入れ/強い臭い/大きなシミ/破れ/ベタつき	売り切れ相場3件以上かつリペア可能で仕入れが十分安い場合のみ検討	ブランドタグ・素材タグ・ダメージ・サイズ・付属品の有無を確認しましたか？	Bottega Veneta イントレチャート	ボッテガヴェネタ バッグ	Bottega Veneta 財布	全体正面・背面、ブランドタグ、素材タグ、サイズ表記、脇、襟袖、裾、裏地、ダメージ箇所を撮影	高仕入れ時は売り切れ相場3件以上確認。状態NGがある場合は原則見送り。
v5_expanded_additions	RULE_EXP_033	BRD_GANNI	CAT_BAG	TRUE	v4.1	https://jp.mercari.com/search?keyword=GANNI%20%E3%83%90%E3%83%83%E3%82%B0	https://jp.mercari.com/search?keyword=GANNI%20%E3%83%AF%E3%83%B3%E3%83%94%E3%83%BC%E3%82%B9	https://jp.mercari.com/search?keyword=%E3%82%AC%E3%83%8B%E3%83%BC%20%E3%83%96%E3%83%A9%E3%82%A6%E3%82%B9	バッグ・小物	ユニセックス	GANNI	ガニー	バッグ／ワンピース／ブラウス	バッグ／ロゴアイテム／ワンピース／ブラウス	通年	通年	2〜8週間	デザイン/ロゴ/ナイロン/コットン	デザイン,ロゴ,ナイロン,コットン	M/L/人気サイズ/大きいサイズ	M,L,人気サイズ,大きいサイズ	2000〜8000	2000	8000	8000〜25000	8000	25000	約-2000〜19750	-2000	19750	750	1200	宅急便60〜100	高	A	78	70	70	75	普通	70	中	中	25	中	25	75	58	慎重	中	近年人気/ロゴ/柄物/美品	近年人気,ロゴ,柄物,美品	ブランド指名買い,通年需要,高単価	シミ/黄ばみ/脇汗/強い臭い/破れ/真贋不明	シミ,黄ばみ,脇汗,強い臭い,破れ,真贋不明	真贋注意,状態注意,相場確認必須	GANNI バッグ,GANNI ワンピース,ガニー ブラウス	3	正面/背面/ブランドタグ/素材タグ/サイズ表記/ダメージ箇所	ブランドタグ・素材タグ・状態を確認し、売り切れ相場3件以上を検索	GANNIはバッグ／ロゴアイテム／ワンピース／ブラウスを優先確認。仕入れ上限を超える場合は相場確認必須。	ブランド,服種類,サイズ,素材,状態,仕入れ値,ブランドタグ写真,素材タグ写真,全体写真	真贋不明で高仕入れ/強い臭い/大きなシミ/破れ/ベタつき	売り切れ相場3件以上かつリペア可能で仕入れが十分安い場合のみ検討	ブランドタグ・素材タグ・ダメージ・サイズ・付属品の有無を確認しましたか？	GANNI バッグ	GANNI ワンピース	ガニー ブラウス	全体正面・背面、ブランドタグ、素材タグ、サイズ表記、脇、襟袖、裾、裏地、ダメージ箇所を撮影	高仕入れ時は売り切れ相場3件以上確認。状態NGがある場合は原則見送り。
v5_expanded_additions	RULE_EXP_034	BRD_JACQUEMUS	CAT_BAG	TRUE	v4.1	https://jp.mercari.com/search?keyword=Jacquemus%20Le%20Chiquito	https://jp.mercari.com/search?keyword=Jacquemus%20%E3%83%90%E3%83%83%E3%82%B0	https://jp.mercari.com/search?keyword=%E3%82%B8%E3%83%A3%E3%83%83%E3%82%AF%E3%83%A0%E3%82%B9%20%E3%83%9F%E3%83%8B%E3%83%90%E3%83%83%E3%82%B0	バッグ・小物	ユニセックス	Jacquemus	ジャックムス	ミニバッグ／ワンピース	Le Chiquito系ミニバッグ／ワンピース	通年	通年	2〜8週間	レザー/ミニバッグ/デザイン性	レザー,ミニバッグ,デザイン性	M/L/人気サイズ/大きいサイズ	M,L,人気サイズ,大きいサイズ	5000〜20000	5000	20000	18000〜60000	18000	60000	約-5000〜48250	-5000	48250	750	1200	宅急便60〜100	高	A	78	70	85	75	普通	70	高	高	45	中	25	75	57	慎重	中	人気型/保存袋付き/美品/現行感	人気型,保存袋付き,美品,現行感	ブランド指名買い,通年需要,高単価	真贋不明/型崩れ/角スレ/ショルダー欠品	真贋不明,型崩れ,角スレ,ショルダー欠品	真贋注意,状態注意,相場確認必須	Jacquemus Le Chiquito,Jacquemus バッグ,ジャックムス ミニバッグ	3	正面/背面/ブランドタグ/素材タグ/サイズ表記/ダメージ箇所	ブランドタグ・素材タグ・状態を確認し、売り切れ相場3件以上を検索	JacquemusはLe Chiquito系ミニバッグ／ワンピースを優先確認。仕入れ上限を超える場合は相場確認必須。	ブランド,服種類,サイズ,素材,状態,仕入れ値,ブランドタグ写真,素材タグ写真,全体写真	真贋不明で高仕入れ/強い臭い/大きなシミ/破れ/ベタつき	売り切れ相場3件以上かつリペア可能で仕入れが十分安い場合のみ検討	ブランドタグ・素材タグ・ダメージ・サイズ・付属品の有無を確認しましたか？	Jacquemus Le Chiquito	Jacquemus バッグ	ジャックムス ミニバッグ	全体正面・背面、ブランドタグ、素材タグ、サイズ表記、脇、襟袖、裾、裏地、ダメージ箇所を撮影	高仕入れ時は売り切れ相場3件以上確認。状態NGがある場合は原則見送り。
v5_expanded_additions	RULE_EXP_035	BRD_TELFAR	CAT_BAG	TRUE	v4.1	https://jp.mercari.com/search?keyword=TELFAR%20shopping%20bag	https://jp.mercari.com/search?keyword=TELFAR%20%E3%83%90%E3%83%83%E3%82%B0	https://jp.mercari.com/search?keyword=%E3%83%86%E3%83%AB%E3%83%95%E3%82%A1%E3%83%BC%20%E3%83%90%E3%83%83%E3%82%B0	バッグ・小物	ユニセックス	TELFAR	テルファー	ショッピングバッグ	ショッピングバッグ／ミニバッグ／ミディアムバッグ	通年	通年	2〜8週間	ブランド人気/サイズ展開	ブランド人気,サイズ展開	M/L/人気サイズ/大きいサイズ	M,L,人気サイズ,大きいサイズ	3000〜12000	3000	12000	10000〜35000	10000	35000	約-4200〜27750	-4200	27750	750	1200	宅急便60〜100	高	A	78	70	70	75	普通	70	高	高	45	中	25	75	55	慎重	中	人気色/保存袋付き/状態良好/サイズ明記	人気色,保存袋付き,状態良好,サイズ明記	ブランド指名買い,通年需要,高単価	真贋不明/合皮剥がれ/型崩れ/持ち手劣化	真贋不明,合皮剥がれ,型崩れ,持ち手劣化	真贋注意,状態注意,相場確認必須	TELFAR shopping bag,TELFAR バッグ,テルファー バッグ	3	正面/背面/ブランドタグ/素材タグ/サイズ表記/ダメージ箇所	ブランドタグ・素材タグ・状態を確認し、売り切れ相場3件以上を検索	TELFARはショッピングバッグ／ミニバッグ／ミディアムバッグを優先確認。仕入れ上限を超える場合は相場確認必須。	ブランド,服種類,サイズ,素材,状態,仕入れ値,ブランドタグ写真,素材タグ写真,全体写真	真贋不明で高仕入れ/強い臭い/大きなシミ/破れ/ベタつき	売り切れ相場3件以上かつリペア可能で仕入れが十分安い場合のみ検討	ブランドタグ・素材タグ・ダメージ・サイズ・付属品の有無を確認しましたか？	TELFAR shopping bag	TELFAR バッグ	テルファー バッグ	全体正面・背面、ブランドタグ、素材タグ、サイズ表記、脇、襟袖、裾、裏地、ダメージ箇所を撮影	高仕入れ時は売り切れ相場3件以上確認。状態NGがある場合は原則見送り。
v5_expanded_additions	RULE_EXP_036	BRD_KHAITE	CAT_BAG	TRUE	v4.1	https://jp.mercari.com/search?keyword=Khaite%20%E3%83%90%E3%83%83%E3%82%B0	https://jp.mercari.com/search?keyword=Khaite%20%E3%83%8B%E3%83%83%E3%83%88	https://jp.mercari.com/search?keyword=%E3%82%B1%E3%82%A4%E3%83%88%20%E3%83%87%E3%83%8B%E3%83%A0	バッグ・小物	ユニセックス	Khaite	ケイト	バッグ／ニット／デニム	バッグ／ニット／デニム／上質服	通年	通年	2〜8週間	レザー/カシミヤ/ウール/デニム	レザー,カシミヤ,ウール,デニム	M/L/人気サイズ/大きいサイズ	M,L,人気サイズ,大きいサイズ	5000〜20000	5000	20000	18000〜70000	18000	70000	約-5000〜57250	-5000	57250	750	1200	宅急便60〜100	高	A	78	70	85	75	普通	70	高	中	25	中	25	75	61	条件付き買い	中	高単価/美品/現行感/上質素材	高単価,美品,現行感,上質素材	ブランド指名買い,通年需要,高単価	真贋不明/毛玉/レザー傷/サイズ不明	真贋不明,毛玉,レザー傷,サイズ不明	真贋注意,状態注意,相場確認必須	Khaite バッグ,Khaite ニット,ケイト デニム	3	正面/背面/ブランドタグ/素材タグ/サイズ表記/ダメージ箇所	ブランドタグ・素材タグ・状態を確認し、売り切れ相場3件以上を検索	Khaiteはバッグ／ニット／デニム／上質服を優先確認。仕入れ上限を超える場合は相場確認必須。	ブランド,服種類,サイズ,素材,状態,仕入れ値,ブランドタグ写真,素材タグ写真,全体写真	真贋不明で高仕入れ/強い臭い/大きなシミ/破れ/ベタつき	売り切れ相場3件以上かつリペア可能で仕入れが十分安い場合のみ検討	ブランドタグ・素材タグ・ダメージ・サイズ・付属品の有無を確認しましたか？	Khaite バッグ	Khaite ニット	ケイト デニム	全体正面・背面、ブランドタグ、素材タグ、サイズ表記、脇、襟袖、裾、裏地、ダメージ箇所を撮影	高仕入れ時は売り切れ相場3件以上確認。状態NGがある場合は原則見送り。
v5_expanded_additions	RULE_EXP_037	BRD_THE_ROW	CAT_BAG	TRUE	v4.1	https://jp.mercari.com/search?keyword=The%20Row%20%E3%83%90%E3%83%83%E3%82%B0	https://jp.mercari.com/search?keyword=The%20Row%20%E3%83%8B%E3%83%83%E3%83%88	https://jp.mercari.com/search?keyword=%E3%82%B6%E3%83%AD%E3%82%A6%20%E3%83%90%E3%83%83%E3%82%B0	バッグ・小物	ユニセックス	The Row	ザ・ロウ	バッグ／ニット／シャツ／パンツ	レザーバッグ／上質ニット／シャツ／パンツ	通年	通年	2〜8週間	レザー/カシミヤ/ウール/シルク	レザー,カシミヤ,ウール,シルク	M/L/人気サイズ/大きいサイズ	M,L,人気サイズ,大きいサイズ	10000〜50000	10000	50000	40000〜200000	40000	200000	約-15200〜169250	-15200	169250	750	1200	宅急便60〜100	高	S	92	80	85	75	普通	70	高	高	45	中	25	75	63	条件付き買い	中	高単価/現行感/保存袋付き/美品	高単価,現行感,保存袋付き,美品	ブランド指名買い,通年需要,高単価	真贋不明/角スレ大/汚れ/型崩れ	真贋不明,角スレ大,汚れ,型崩れ	真贋注意,状態注意,相場確認必須	The Row バッグ,The Row ニット,ザロウ バッグ	3	正面/背面/ブランドタグ/素材タグ/サイズ表記/ダメージ箇所	ブランドタグ・素材タグ・状態を確認し、売り切れ相場3件以上を検索	The Rowはレザーバッグ／上質ニット／シャツ／パンツを優先確認。仕入れ上限を超える場合は相場確認必須。	ブランド,服種類,サイズ,素材,状態,仕入れ値,ブランドタグ写真,素材タグ写真,全体写真	真贋不明で高仕入れ/強い臭い/大きなシミ/破れ/ベタつき	売り切れ相場3件以上かつリペア可能で仕入れが十分安い場合のみ検討	ブランドタグ・素材タグ・ダメージ・サイズ・付属品の有無を確認しましたか？	The Row バッグ	The Row ニット	ザロウ バッグ	全体正面・背面、ブランドタグ、素材タグ、サイズ表記、脇、襟袖、裾、裏地、ダメージ箇所を撮影	高仕入れ時は売り切れ相場3件以上確認。状態NGがある場合は原則見送り。
v5_expanded_additions	RULE_EXP_038	BRD_POL_NE	CAT_BAG	TRUE	v4.1	https://jp.mercari.com/search?keyword=Pol%C3%A8ne%20Num%C3%A9ro	https://jp.mercari.com/search?keyword=Pol%C3%A8ne%20%E3%83%90%E3%83%83%E3%82%B0	https://jp.mercari.com/search?keyword=%E3%83%9D%E3%83%AC%E3%83%BC%E3%83%8C%20%E3%83%90%E3%83%83%E3%82%B0	バッグ・小物	ユニセックス	Polène	ポレーヌ	ショルダーバッグ／ハンドバッグ	Numéro系バッグ／ショルダーバッグ	通年	通年	2〜8週間	レザー/人気型	レザー,人気型	M/L/人気サイズ/大きいサイズ	M,L,人気サイズ,大きいサイズ	4000〜15000	4000	15000	12000〜40000	12000	40000	約-5400〜31250	-5400	31250	750	1200	宅急便60〜100	高	A	78	70	85	75	普通	70	高	中	25	中	25	75	61	条件付き買い	中	人気型/保存袋付き/美品/現行色	人気型,保存袋付き,美品,現行色	ブランド指名買い,通年需要,高単価	真贋不明/角スレ/型崩れ/ショルダー欠品	真贋不明,角スレ,型崩れ,ショルダー欠品	真贋注意,状態注意,相場確認必須	Polène Numéro,Polène バッグ,ポレーヌ バッグ	3	正面/背面/ブランドタグ/素材タグ/サイズ表記/ダメージ箇所	ブランドタグ・素材タグ・状態を確認し、売り切れ相場3件以上を検索	PolèneはNuméro系バッグ／ショルダーバッグを優先確認。仕入れ上限を超える場合は相場確認必須。	ブランド,服種類,サイズ,素材,状態,仕入れ値,ブランドタグ写真,素材タグ写真,全体写真	真贋不明で高仕入れ/強い臭い/大きなシミ/破れ/ベタつき	売り切れ相場3件以上かつリペア可能で仕入れが十分安い場合のみ検討	ブランドタグ・素材タグ・ダメージ・サイズ・付属品の有無を確認しましたか？	Polène Numéro	Polène バッグ	ポレーヌ バッグ	全体正面・背面、ブランドタグ、素材タグ、サイズ表記、脇、襟袖、裾、裏地、ダメージ箇所を撮影	高仕入れ時は売り切れ相場3件以上確認。状態NGがある場合は原則見送り。
v5_expanded_additions	RULE_EXP_039	BRD_MARGE_SHERWOOD	CAT_BAG	TRUE	v4.1	https://jp.mercari.com/search?keyword=MARGE%20SHERWOOD%20%E3%83%90%E3%83%83%E3%82%B0	https://jp.mercari.com/search?keyword=%E3%83%9E%E3%83%BC%E3%82%B8%E3%82%B7%E3%83%A3%E3%83%BC%E3%82%A6%E3%83%83%E3%83%89%20%E3%82%B7%E3%83%A7%E3%83%AB%E3%83%80%E3%83%BC	https://jp.mercari.com/search?keyword=MARGE%20SHERWOOD%20%E3%83%9F%E3%83%8B%E3%83%90%E3%83%83%E3%82%B0	バッグ・小物	ユニセックス	MARGE SHERWOOD	マージシャーウッド	ショルダーバッグ／ハンドバッグ	韓国系人気バッグ／ショルダー／ミニバッグ	通年	通年	2〜8週間	レザー/ミニバッグ/韓国系	レザー,ミニバッグ,韓国系	M/L/人気サイズ/大きいサイズ	M,L,人気サイズ,大きいサイズ	3000〜10000	3000	10000	10000〜30000	10000	30000	約-2200〜23250	-2200	23250	750	1200	宅急便60〜100	高	A	78	70	85	75	普通	70	高	中	25	中	25	75	61	条件付き買い	中	人気色/ミニバッグ/美品/現行感	人気色,ミニバッグ,美品,現行感	ブランド指名買い,通年需要,高単価	型崩れ/角スレ/金具傷/ショルダー欠品	型崩れ,角スレ,金具傷,ショルダー欠品	真贋注意,状態注意,相場確認必須	MARGE SHERWOOD バッグ,マージシャーウッド ショルダー,MARGE SHERWOOD ミニバッグ	3	正面/背面/ブランドタグ/素材タグ/サイズ表記/ダメージ箇所	ブランドタグ・素材タグ・状態を確認し、売り切れ相場3件以上を検索	MARGE SHERWOODは韓国系人気バッグ／ショルダー／ミニバッグを優先確認。仕入れ上限を超える場合は相場確認必須。	ブランド,服種類,サイズ,素材,状態,仕入れ値,ブランドタグ写真,素材タグ写真,全体写真	真贋不明で高仕入れ/強い臭い/大きなシミ/破れ/ベタつき	売り切れ相場3件以上かつリペア可能で仕入れが十分安い場合のみ検討	ブランドタグ・素材タグ・ダメージ・サイズ・付属品の有無を確認しましたか？	MARGE SHERWOOD バッグ	マージシャーウッド ショルダー	MARGE SHERWOOD ミニバッグ	全体正面・背面、ブランドタグ、素材タグ、サイズ表記、脇、襟袖、裾、裏地、ダメージ箇所を撮影	高仕入れ時は売り切れ相場3件以上確認。状態NGがある場合は原則見送り。
v5_expanded_additions	RULE_EXP_040	BRD_HEREU	CAT_BAG	TRUE	v4.1	https://jp.mercari.com/search?keyword=HEREU%20%E3%83%90%E3%83%83%E3%82%B0	https://jp.mercari.com/search?keyword=HEREU%20%E3%82%B5%E3%83%B3%E3%83%80%E3%83%AB	https://jp.mercari.com/search?keyword=%E3%83%98%E3%83%AA%E3%83%A5%E3%83%BC%20%E3%83%90%E3%83%83%E3%82%B0	バッグ・小物	ユニセックス	HEREU	ヘリュー	レザーバッグ／シューズ	レザーバッグ／サンダル／ローファー	通年	通年	2〜8週間	レザー/スペインブランド	レザー,スペインブランド	M/L/人気サイズ/大きいサイズ	M,L,人気サイズ,大きいサイズ	4000〜15000	4000	15000	12000〜40000	12000	40000	約-5400〜31250	-5400	31250	750	1200	宅急便60〜100	高	A	78	70	85	75	普通	70	高	中	25	中	25	75	61	条件付き買い	中	レザーバッグ/美品/保存袋付き/人気型	レザーバッグ,美品,保存袋付き,人気型	ブランド指名買い,通年需要,高単価	レザー傷/型崩れ/ソール減り/真贋不明	レザー傷,型崩れ,ソール減り,真贋不明	真贋注意,状態注意,相場確認必須	HEREU バッグ,HEREU サンダル,ヘリュー バッグ	3	正面/背面/ブランドタグ/素材タグ/サイズ表記/ダメージ箇所	ブランドタグ・素材タグ・状態を確認し、売り切れ相場3件以上を検索	HEREUはレザーバッグ／サンダル／ローファーを優先確認。仕入れ上限を超える場合は相場確認必須。	ブランド,服種類,サイズ,素材,状態,仕入れ値,ブランドタグ写真,素材タグ写真,全体写真	真贋不明で高仕入れ/強い臭い/大きなシミ/破れ/ベタつき	売り切れ相場3件以上かつリペア可能で仕入れが十分安い場合のみ検討	ブランドタグ・素材タグ・ダメージ・サイズ・付属品の有無を確認しましたか？	HEREU バッグ	HEREU サンダル	ヘリュー バッグ	全体正面・背面、ブランドタグ、素材タグ、サイズ表記、脇、襟袖、裾、裏地、ダメージ箇所を撮影	高仕入れ時は売り切れ相場3件以上確認。状態NGがある場合は原則見送り。
v5_expanded_additions	RULE_EXP_041	BRD_VISVIM	CAT_MENS	TRUE	v4.1	https://jp.mercari.com/search?keyword=Visvim%20%E3%82%B7%E3%83%A3%E3%83%84	https://jp.mercari.com/search?keyword=Visvim%20%E3%82%B9%E3%83%8B%E3%83%BC%E3%82%AB%E3%83%BC	https://jp.mercari.com/search?keyword=%E3%83%93%E3%82%BA%E3%83%93%E3%83%A0%20%E3%82%A2%E3%82%A6%E3%82%BF%E3%83%BC	メンズ服	メンズ	Visvim	ビズビム	シャツ／スニーカー／アウター	シャツ／スニーカー／アウター／バッグ	通年	通年	2〜8週間	レザー/天然染め/高級素材	レザー,天然染め,高級素材	M/L/人気サイズ/大きいサイズ	M,L,人気サイズ,大きいサイズ	10000〜40000	10000	40000	30000〜150000	30000	150000	約-14200〜124250	-14200	124250	750	1200	宅急便60〜100	高	S	92	80	85	75	普通	70	高	高	45	中	25	75	63	条件付き買い	中	高単価/人気型/付属品あり/状態良好	高単価,人気型,付属品あり,状態良好	ブランド指名買い,通年需要,高単価	真贋不明/ソール減り大/汚れ大/付属品なし高仕入れ	真贋不明,ソール減り大,汚れ大,付属品なし高仕入れ	真贋注意,状態注意,相場確認必須	Visvim シャツ,Visvim スニーカー,ビズビム アウター	3	正面/背面/ブランドタグ/素材タグ/サイズ表記/ダメージ箇所	ブランドタグ・素材タグ・状態を確認し、売り切れ相場3件以上を検索	Visvimはシャツ／スニーカー／アウター／バッグを優先確認。仕入れ上限を超える場合は相場確認必須。	ブランド,服種類,サイズ,素材,状態,仕入れ値,ブランドタグ写真,素材タグ写真,全体写真	真贋不明で高仕入れ/強い臭い/大きなシミ/破れ/ベタつき	売り切れ相場3件以上かつリペア可能で仕入れが十分安い場合のみ検討	ブランドタグ・素材タグ・ダメージ・サイズ・付属品の有無を確認しましたか？	Visvim シャツ	Visvim スニーカー	ビズビム アウター	全体正面・背面、ブランドタグ、素材タグ、サイズ表記、脇、襟袖、裾、裏地、ダメージ箇所を撮影	高仕入れ時は売り切れ相場3件以上確認。状態NGがある場合は原則見送り。
v5_expanded_additions	RULE_EXP_042	BRD_NEIGHBORHOOD	CAT_MENS	TRUE	v4.1	https://jp.mercari.com/search?keyword=NEIGHBORHOOD%20%E3%82%B8%E3%83%A3%E3%82%B1%E3%83%83%E3%83%88	https://jp.mercari.com/search?keyword=NEIGHBORHOOD%20%E3%82%B7%E3%83%A3%E3%83%84	https://jp.mercari.com/search?keyword=%E3%83%8D%E3%82%A4%E3%83%90%E3%83%BC%E3%83%95%E3%83%83%E3%83%89%20%E3%83%91%E3%83%B3%E3%83%84	メンズ服	メンズ	NEIGHBORHOOD	ネイバーフッド	ジャケット／シャツ／パンツ	ジャケット／シャツ／パンツ／ロゴアイテム	通年	通年	2〜8週間	ワーク/ミリタリー/ロゴ	ワーク,ミリタリー,ロゴ	M/L/人気サイズ/大きいサイズ	M,L,人気サイズ,大きいサイズ	3000〜15000	3000	15000	12000〜50000	12000	50000	約-5400〜41250	-5400	41250	750	1200	宅急便60〜100	高	A	78	70	70	75	普通	70	高	中	25	中	25	75	58	慎重	中	ロゴ/コラボ/ミリタリー/美品	ロゴ,コラボ,ミリタリー,美品	ブランド指名買い,通年需要,高単価	シミ/黄ばみ/脇汗/強い臭い/破れ/真贋不明	シミ,黄ばみ,脇汗,強い臭い,破れ,真贋不明	真贋注意,状態注意,相場確認必須	NEIGHBORHOOD ジャケット,NEIGHBORHOOD シャツ,ネイバーフッド パンツ	3	正面/背面/ブランドタグ/素材タグ/サイズ表記/ダメージ箇所	ブランドタグ・素材タグ・状態を確認し、売り切れ相場3件以上を検索	NEIGHBORHOODはジャケット／シャツ／パンツ／ロゴアイテムを優先確認。仕入れ上限を超える場合は相場確認必須。	ブランド,服種類,サイズ,素材,状態,仕入れ値,ブランドタグ写真,素材タグ写真,全体写真	真贋不明で高仕入れ/強い臭い/大きなシミ/破れ/ベタつき	売り切れ相場3件以上かつリペア可能で仕入れが十分安い場合のみ検討	ブランドタグ・素材タグ・ダメージ・サイズ・付属品の有無を確認しましたか？	NEIGHBORHOOD ジャケット	NEIGHBORHOOD シャツ	ネイバーフッド パンツ	全体正面・背面、ブランドタグ、素材タグ、サイズ表記、脇、襟袖、裾、裏地、ダメージ箇所を撮影	高仕入れ時は売り切れ相場3件以上確認。状態NGがある場合は原則見送り。
v5_expanded_additions	RULE_EXP_043	BRD_WTAPS	CAT_MENS	TRUE	v4.1	https://jp.mercari.com/search?keyword=WTAPS%20%E3%82%B7%E3%83%A3%E3%83%84	https://jp.mercari.com/search?keyword=WTAPS%20%E3%82%B8%E3%83%A3%E3%82%B1%E3%83%83%E3%83%88	https://jp.mercari.com/search?keyword=%E3%83%80%E3%83%96%E3%83%AB%E3%82%BF%E3%83%83%E3%83%97%E3%82%B9%20%E3%83%91%E3%83%B3%E3%83%84	メンズ服	メンズ	WTAPS	ダブルタップス	シャツ／パンツ／ジャケット	ミリタリーシャツ／パンツ／ジャケット／ロゴアイテム	通年	通年	2〜8週間	ミリタリー/ロゴ/コットン	ミリタリー,ロゴ,コットン	M/L/人気サイズ/大きいサイズ	M,L,人気サイズ,大きいサイズ	5000〜20000	5000	20000	18000〜70000	18000	70000	約-5000〜57250	-5000	57250	750	1200	宅急便60〜100	高	S	92	80	70	75	普通	70	高	高	45	中	25	75	60	条件付き買い	中	人気型/サイズ03/04/コラボ/美品	人気型,サイズ03,04,コラボ,美品	ブランド指名買い,通年需要,高単価	真贋不明/プリント割れ/汚れ/タグ欠損	真贋不明,プリント割れ,汚れ,タグ欠損	真贋注意,状態注意,相場確認必須	WTAPS シャツ,WTAPS ジャケット,ダブルタップス パンツ	3	正面/背面/ブランドタグ/素材タグ/サイズ表記/ダメージ箇所	ブランドタグ・素材タグ・状態を確認し、売り切れ相場3件以上を検索	WTAPSはミリタリーシャツ／パンツ／ジャケット／ロゴアイテムを優先確認。仕入れ上限を超える場合は相場確認必須。	ブランド,服種類,サイズ,素材,状態,仕入れ値,ブランドタグ写真,素材タグ写真,全体写真	真贋不明で高仕入れ/強い臭い/大きなシミ/破れ/ベタつき	売り切れ相場3件以上かつリペア可能で仕入れが十分安い場合のみ検討	ブランドタグ・素材タグ・ダメージ・サイズ・付属品の有無を確認しましたか？	WTAPS シャツ	WTAPS ジャケット	ダブルタップス パンツ	全体正面・背面、ブランドタグ、素材タグ、サイズ表記、脇、襟袖、裾、裏地、ダメージ箇所を撮影	高仕入れ時は売り切れ相場3件以上確認。状態NGがある場合は原則見送り。
v5_expanded_additions	RULE_EXP_044	BRD_HUMAN_MADE	CAT_MENS	TRUE	v4.1	https://jp.mercari.com/search?keyword=HUMAN%20MADE%20T%E3%82%B7%E3%83%A3%E3%83%84	https://jp.mercari.com/search?keyword=HUMAN%20MADE%20%E3%82%B9%E3%82%A6%E3%82%A7%E3%83%83%E3%83%88	https://jp.mercari.com/search?keyword=%E3%83%92%E3%83%A5%E3%83%BC%E3%83%9E%E3%83%B3%E3%83%A1%E3%82%A4%E3%83%89%20%E3%83%90%E3%83%83%E3%82%B0	メンズ服	ユニセックス	HUMAN MADE	ヒューマンメイド	Tシャツ／スウェット／バッグ	ロゴTシャツ／スウェット／バッグ／コラボ	通年	通年	2〜8週間	ロゴ/コラボ/ストリート	ロゴ,コラボ,ストリート	M/L/人気サイズ/大きいサイズ	M,L,人気サイズ,大きいサイズ	3000〜15000	3000	15000	10000〜50000	10000	50000	約-6520〜41790	-6520	41790	210	520	ネコポス〜ゆうパケットポスト	低〜中	A	78	70	70	75	普通	70	高	高	45	中	25	75	55	慎重	中	ロゴ/コラボ/人気型/状態良好	ロゴ,コラボ,人気型,状態良好	ブランド指名買い,通年需要,高単価	真贋不明/プリント割れ/首ヨレ/黄ばみ	真贋不明,プリント割れ,首ヨレ,黄ばみ	真贋注意,状態注意,相場確認必須	HUMAN MADE Tシャツ,HUMAN MADE スウェット,ヒューマンメイド バッグ	3	正面/背面/ブランドタグ/素材タグ/サイズ表記/ダメージ箇所	ブランドタグ・素材タグ・状態を確認し、売り切れ相場3件以上を検索	HUMAN MADEはロゴTシャツ／スウェット／バッグ／コラボを優先確認。仕入れ上限を超える場合は相場確認必須。	ブランド,服種類,サイズ,素材,状態,仕入れ値,ブランドタグ写真,素材タグ写真,全体写真	真贋不明で高仕入れ/強い臭い/大きなシミ/破れ/ベタつき	売り切れ相場3件以上かつリペア可能で仕入れが十分安い場合のみ検討	ブランドタグ・素材タグ・ダメージ・サイズ・付属品の有無を確認しましたか？	HUMAN MADE Tシャツ	HUMAN MADE スウェット	ヒューマンメイド バッグ	全体正面・背面、ブランドタグ、素材タグ、サイズ表記、脇、襟袖、裾、裏地、ダメージ箇所を撮影	高仕入れ時は売り切れ相場3件以上確認。状態NGがある場合は原則見送り。
v5_expanded_additions	RULE_EXP_045	BRD_ST_SSY	CAT_MENS	TRUE	v4.1	https://jp.mercari.com/search?keyword=St%C3%BCssy%20T%E3%82%B7%E3%83%A3%E3%83%84	https://jp.mercari.com/search?keyword=St%C3%BCssy%20%E3%82%B9%E3%82%A6%E3%82%A7%E3%83%83%E3%83%88	https://jp.mercari.com/search?keyword=%E3%82%B9%E3%83%86%E3%83%A5%E3%83%BC%E3%82%B7%E3%83%BC%20%E3%82%B8%E3%83%A3%E3%82%B1%E3%83%83%E3%83%88	メンズ服	ユニセックス	Stüssy	ステューシー	Tシャツ／スウェット／ジャケット	ロゴTシャツ／スウェット／ジャケット／コラボ	通年	通年	2〜8週間	ロゴ/年代/コラボ	ロゴ,年代,コラボ	M/L/人気サイズ/大きいサイズ	M,L,人気サイズ,大きいサイズ	1000〜8000	1000	8000	5000〜30000	5000	30000	約-4700〜25250	-4700	25250	750	1200	宅急便60〜100	高	A	78	70	70	75	普通	70	高	中	25	中	25	75	58	慎重	中	ロゴ/コラボ/ビッグサイズ/90s/美品	ロゴ,コラボ,ビッグサイズ,90s,美品	ブランド指名買い,通年需要,高単価	首ヨレ/プリント割れ/黄ばみ/穴	首ヨレ,プリント割れ,黄ばみ,穴	真贋注意,状態注意,相場確認必須	Stüssy Tシャツ,Stüssy スウェット,ステューシー ジャケット	3	正面/背面/ブランドタグ/素材タグ/サイズ表記/ダメージ箇所	ブランドタグ・素材タグ・状態を確認し、売り切れ相場3件以上を検索	StüssyはロゴTシャツ／スウェット／ジャケット／コラボを優先確認。仕入れ上限を超える場合は相場確認必須。	ブランド,服種類,サイズ,素材,状態,仕入れ値,ブランドタグ写真,素材タグ写真,全体写真	真贋不明で高仕入れ/強い臭い/大きなシミ/破れ/ベタつき	売り切れ相場3件以上かつリペア可能で仕入れが十分安い場合のみ検討	ブランドタグ・素材タグ・ダメージ・サイズ・付属品の有無を確認しましたか？	Stüssy Tシャツ	Stüssy スウェット	ステューシー ジャケット	全体正面・背面、ブランドタグ、素材タグ、サイズ表記、脇、襟袖、裾、裏地、ダメージ箇所を撮影	高仕入れ時は売り切れ相場3件以上確認。状態NGがある場合は原則見送り。
v5_expanded_additions	RULE_EXP_046	BRD_CARHARTT_WIP	CAT_MENS	TRUE	v4.1	https://jp.mercari.com/search?keyword=Carhartt%20WIP%20%E3%82%B8%E3%83%A3%E3%82%B1%E3%83%83%E3%83%88	https://jp.mercari.com/search?keyword=Carhartt%20WIP%20%E3%83%91%E3%83%B3%E3%83%84	https://jp.mercari.com/search?keyword=%E3%82%AB%E3%83%BC%E3%83%8F%E3%83%BC%E3%83%88WIP%20%E3%83%99%E3%82%B9%E3%83%88	メンズ服	ユニセックス	Carhartt WIP	カーハート ダブリューアイピー	ジャケット／パンツ／ベスト	デトロイトジャケット／パンツ／ベスト／シャツ	通年	通年	2〜8週間	ワーク/ダック地/ロゴ	ワーク,ダック地,ロゴ	M/L/人気サイズ/大きいサイズ	M,L,人気サイズ,大きいサイズ	2000〜10000	2000	10000	8000〜30000	8000	30000	約-4000〜24250	-4000	24250	750	1200	宅急便60〜100	高	A	78	70	70	75	普通	70	高	中	25	中	25	75	58	慎重	中	WIP表記/ダック地/ビッグサイズ/美品	WIP表記,ダック地,ビッグサイズ,美品	ブランド指名買い,通年需要,高単価	汚れ大/破れ/色褪せ強すぎ/臭い	汚れ大,破れ,色褪せ強すぎ,臭い	真贋注意,状態注意,相場確認必須	Carhartt WIP ジャケット,Carhartt WIP パンツ,カーハートWIP ベスト	3	正面/背面/ブランドタグ/素材タグ/サイズ表記/ダメージ箇所	ブランドタグ・素材タグ・状態を確認し、売り切れ相場3件以上を検索	Carhartt WIPはデトロイトジャケット／パンツ／ベスト／シャツを優先確認。仕入れ上限を超える場合は相場確認必須。	ブランド,服種類,サイズ,素材,状態,仕入れ値,ブランドタグ写真,素材タグ写真,全体写真	真贋不明で高仕入れ/強い臭い/大きなシミ/破れ/ベタつき	売り切れ相場3件以上かつリペア可能で仕入れが十分安い場合のみ検討	ブランドタグ・素材タグ・ダメージ・サイズ・付属品の有無を確認しましたか？	Carhartt WIP ジャケット	Carhartt WIP パンツ	カーハートWIP ベスト	全体正面・背面、ブランドタグ、素材タグ、サイズ表記、脇、襟袖、裾、裏地、ダメージ箇所を撮影	高仕入れ時は売り切れ相場3件以上確認。状態NGがある場合は原則見送り。
v5_expanded_additions	RULE_EXP_047	BRD_LEVI_S_VINTAGE_CLOTHING	CAT_MENS	TRUE	v4.1	https://jp.mercari.com/search?keyword=Levi%27s%20Vintage%20Clothing%20501	https://jp.mercari.com/search?keyword=LVC%20%E3%83%87%E3%83%8B%E3%83%A0	https://jp.mercari.com/search?keyword=%E3%83%AA%E3%83%BC%E3%83%90%E3%82%A4%E3%82%B9%20%E3%83%B4%E3%82%A3%E3%83%B3%E3%83%86%E3%83%BC%E3%82%B8%20%E3%82%AF%E3%83%AD%E3%83%BC%E3%82%B8%E3%83%B3%E3%82%B0	メンズ服	メンズ	Levi's Vintage Clothing	リーバイス ヴィンテージ クロージング	デニム／ジャケット	LVCデニム／復刻デニムジャケット／赤耳	通年	通年	2〜8週間	デニム/赤耳/復刻	デニム,赤耳,復刻	M/L/人気サイズ/大きいサイズ	M,L,人気サイズ,大きいサイズ	3000〜15000	3000	15000	10000〜50000	10000	50000	約-7200〜41250	-7200	41250	750	1200	宅急便60〜100	高	A	78	70	70	75	普通	70	高	中	25	中	25	75	58	慎重	中	LVC表記/型番/赤耳/サイズ良好	LVC表記,型番,赤耳,サイズ良好	ブランド指名買い,通年需要,高単価	股スレ/裾ダメージ大/リペア大/タグ欠損	股スレ,裾ダメージ大,リペア大,タグ欠損	真贋注意,状態注意,相場確認必須	Levi's Vintage Clothing 501,LVC デニム,リーバイス ヴィンテージ クロージング	3	正面/背面/ブランドタグ/素材タグ/サイズ表記/ダメージ箇所	ブランドタグ・素材タグ・状態を確認し、売り切れ相場3件以上を検索	Levi's Vintage ClothingはLVCデニム／復刻デニムジャケット／赤耳を優先確認。仕入れ上限を超える場合は相場確認必須。	ブランド,服種類,サイズ,素材,状態,仕入れ値,ブランドタグ写真,素材タグ写真,全体写真	真贋不明で高仕入れ/強い臭い/大きなシミ/破れ/ベタつき	売り切れ相場3件以上かつリペア可能で仕入れが十分安い場合のみ検討	ブランドタグ・素材タグ・ダメージ・サイズ・付属品の有無を確認しましたか？	Levi's Vintage Clothing 501	LVC デニム	リーバイス ヴィンテージ クロージング	全体正面・背面、ブランドタグ、素材タグ、サイズ表記、脇、襟袖、裾、裏地、ダメージ箇所を撮影	高仕入れ時は売り切れ相場3件以上確認。状態NGがある場合は原則見送り。
v5_expanded_additions	RULE_EXP_048	BRD_RRL	CAT_MENS	TRUE	v4.1	https://jp.mercari.com/search?keyword=RRL%20%E3%83%87%E3%83%8B%E3%83%A0	https://jp.mercari.com/search?keyword=RRL%20%E3%82%B7%E3%83%A3%E3%83%84	https://jp.mercari.com/search?keyword=%E3%83%80%E3%83%96%E3%83%AB%E3%82%A2%E3%83%BC%E3%83%AB%E3%82%A8%E3%83%AB%20%E3%82%B8%E3%83%A3%E3%82%B1%E3%83%83%E3%83%88	メンズ服	メンズ	RRL	ダブルアールエル	デニム／シャツ／ジャケット	デニム／ネイティブ柄／シャツ／ジャケット	通年	通年	2〜8週間	デニム/ネイティブ柄/ウール/レザー	デニム,ネイティブ柄,ウール,レザー	M/L/人気サイズ/大きいサイズ	M,L,人気サイズ,大きいサイズ	5000〜20000	5000	20000	18000〜70000	18000	70000	約-5000〜57250	-5000	57250	750	1200	宅急便60〜100	高	S	92	80	85	75	普通	70	高	中	25	中	25	75	66	条件付き買い	中	デニム/ネイティブ柄/サイズM以上/美品	デニム,ネイティブ柄,サイズM以上,美品	ブランド指名買い,通年需要,高単価	汚れ大/破れ/真贋不明/臭い	汚れ大,破れ,真贋不明,臭い	真贋注意,状態注意,相場確認必須	RRL デニム,RRL シャツ,ダブルアールエル ジャケット	3	正面/背面/ブランドタグ/素材タグ/サイズ表記/ダメージ箇所	ブランドタグ・素材タグ・状態を確認し、売り切れ相場3件以上を検索	RRLはデニム／ネイティブ柄／シャツ／ジャケットを優先確認。仕入れ上限を超える場合は相場確認必須。	ブランド,服種類,サイズ,素材,状態,仕入れ値,ブランドタグ写真,素材タグ写真,全体写真	真贋不明で高仕入れ/強い臭い/大きなシミ/破れ/ベタつき	売り切れ相場3件以上かつリペア可能で仕入れが十分安い場合のみ検討	ブランドタグ・素材タグ・ダメージ・サイズ・付属品の有無を確認しましたか？	RRL デニム	RRL シャツ	ダブルアールエル ジャケット	全体正面・背面、ブランドタグ、素材タグ、サイズ表記、脇、襟袖、裾、裏地、ダメージ箇所を撮影	高仕入れ時は売り切れ相場3件以上確認。状態NGがある場合は原則見送り。
v5_expanded_additions	RULE_EXP_049	BRD_FILSON	CAT_MENS	TRUE	v4.1	https://jp.mercari.com/search?keyword=Filson%20%E3%83%90%E3%83%83%E3%82%B0	https://jp.mercari.com/search?keyword=Filson%20%E3%83%99%E3%82%B9%E3%83%88	https://jp.mercari.com/search?keyword=%E3%83%95%E3%82%A3%E3%83%AB%E3%82%BD%E3%83%B3%20%E3%82%B8%E3%83%A3%E3%82%B1%E3%83%83%E3%83%88	メンズ服	メンズ	Filson	フィルソン	バッグ／ジャケット／ベスト	ラギッドバッグ／マッキーノ／ベスト／ジャケット	通年	通年	2〜8週間	ウール/キャンバス/レザー	ウール,キャンバス,レザー	M/L/人気サイズ/大きいサイズ	M,L,人気サイズ,大きいサイズ	3000〜15000	3000	15000	10000〜50000	10000	50000	約-7200〜41250	-7200	41250	750	1200	宅急便60〜100	高	A	78	70	85	75	普通	70	高	中	25	中	25	75	61	条件付き買い	中	USA製/ラギッド/バッグ/ウール/美品	USA製,ラギッド,バッグ,ウール,美品	ブランド指名買い,通年需要,高単価	虫食い/オイル汚れ/破れ/臭い	虫食い,オイル汚れ,破れ,臭い	真贋注意,状態注意,相場確認必須	Filson バッグ,Filson ベスト,フィルソン ジャケット	3	正面/背面/ブランドタグ/素材タグ/サイズ表記/ダメージ箇所	ブランドタグ・素材タグ・状態を確認し、売り切れ相場3件以上を検索	Filsonはラギッドバッグ／マッキーノ／ベスト／ジャケットを優先確認。仕入れ上限を超える場合は相場確認必須。	ブランド,服種類,サイズ,素材,状態,仕入れ値,ブランドタグ写真,素材タグ写真,全体写真	真贋不明で高仕入れ/強い臭い/大きなシミ/破れ/ベタつき	売り切れ相場3件以上かつリペア可能で仕入れが十分安い場合のみ検討	ブランドタグ・素材タグ・ダメージ・サイズ・付属品の有無を確認しましたか？	Filson バッグ	Filson ベスト	フィルソン ジャケット	全体正面・背面、ブランドタグ、素材タグ、サイズ表記、脇、襟袖、裾、裏地、ダメージ箇所を撮影	高仕入れ時は売り切れ相場3件以上確認。状態NGがある場合は原則見送り。
v5_expanded_additions	RULE_EXP_050	BRD_MYSTERY_RANCH	CAT_MENS	TRUE	v4.1	https://jp.mercari.com/search?keyword=Mystery%20Ranch%20%E3%83%AA%E3%83%A5%E3%83%83%E3%82%AF	https://jp.mercari.com/search?keyword=Mystery%20Ranch%203DAY	https://jp.mercari.com/search?keyword=%E3%83%9F%E3%82%B9%E3%83%86%E3%83%AA%E3%83%BC%E3%83%A9%E3%83%B3%E3%83%81%20%E3%83%90%E3%83%83%E3%82%B0	メンズ服	ユニセックス	Mystery Ranch	ミステリーランチ	リュック／バッグ	リュック／バックパック／3DAY ASSAULT系	通年	通年	2〜8週間	ナイロン/アウトドア/ミリタリー	ナイロン,アウトドア,ミリタリー	M/L/人気サイズ/大きいサイズ	M,L,人気サイズ,大きいサイズ	3000〜12000	3000	12000	10000〜40000	10000	40000	約-3520〜32790	-3520	32790	210	520	ネコポス〜ゆうパケットポスト	低〜中	A	78	70	70	75	普通	70	高	中	25	中	25	75	58	慎重	中	USA製/人気型/美品/加水なし	USA製,人気型,美品,加水なし	ブランド指名買い,通年需要,高単価	内側ベタつき/加水分解/ファスナー不良/破れ	内側ベタつき,加水分解,ファスナー不良,破れ	真贋注意,状態注意,相場確認必須	Mystery Ranch リュック,Mystery Ranch 3DAY,ミステリーランチ バッグ	3	正面/背面/ブランドタグ/素材タグ/サイズ表記/ダメージ箇所	ブランドタグ・素材タグ・状態を確認し、売り切れ相場3件以上を検索	Mystery Ranchはリュック／バックパック／3DAY ASSAULT系を優先確認。仕入れ上限を超える場合は相場確認必須。	ブランド,服種類,サイズ,素材,状態,仕入れ値,ブランドタグ写真,素材タグ写真,全体写真	真贋不明で高仕入れ/強い臭い/大きなシミ/破れ/ベタつき	売り切れ相場3件以上かつリペア可能で仕入れが十分安い場合のみ検討	ブランドタグ・素材タグ・ダメージ・サイズ・付属品の有無を確認しましたか？	Mystery Ranch リュック	Mystery Ranch 3DAY	ミステリーランチ バッグ	全体正面・背面、ブランドタグ、素材タグ、サイズ表記、脇、襟袖、裾、裏地、ダメージ箇所を撮影	高仕入れ時は売り切れ相場3件以上確認。状態NGがある場合は原則見送り。
v5_expanded_additions	RULE_EXP_051	BRD_WACKO_MARIA	CAT_MENS	TRUE	v4.1	https://jp.mercari.com/search?keyword=WACKO%20MARIA%20%E3%82%A2%E3%83%AD%E3%83%8F	https://jp.mercari.com/search?keyword=WACKO%20MARIA%20%E3%82%B7%E3%83%A3%E3%83%84	https://jp.mercari.com/search?keyword=%E3%83%AF%E3%82%B3%E3%83%9E%E3%83%AA%E3%82%A2%20%E3%82%B8%E3%83%A3%E3%82%B1%E3%83%83%E3%83%88	メンズ服	メンズ	WACKO MARIA	ワコマリア	アロハシャツ／ジャケット／スウェット	アロハシャツ／レーヨンシャツ／ジャケット／スウェット	通年	通年	2〜8週間	レーヨン/柄/コラボ	レーヨン,柄,コラボ	M/L/人気サイズ/大きいサイズ	M,L,人気サイズ,大きいサイズ	5000〜20000	5000	20000	18000〜70000	18000	70000	約-5000〜57250	-5000	57250	750	1200	宅急便60〜100	高	S	92	80	70	75	普通	70	高	高	45	中	25	75	60	条件付き買い	中	アロハ/人気柄/コラボ/サイズL/美品	アロハ,人気柄,コラボ,サイズL,美品	ブランド指名買い,通年需要,高単価	真贋不明/シミ/レーヨン縮み/ボタン欠品	真贋不明,シミ,レーヨン縮み,ボタン欠品	真贋注意,状態注意,相場確認必須	WACKO MARIA アロハ,WACKO MARIA シャツ,ワコマリア ジャケット	3	正面/背面/ブランドタグ/素材タグ/サイズ表記/ダメージ箇所	ブランドタグ・素材タグ・状態を確認し、売り切れ相場3件以上を検索	WACKO MARIAはアロハシャツ／レーヨンシャツ／ジャケット／スウェットを優先確認。仕入れ上限を超える場合は相場確認必須。	ブランド,服種類,サイズ,素材,状態,仕入れ値,ブランドタグ写真,素材タグ写真,全体写真	真贋不明で高仕入れ/強い臭い/大きなシミ/破れ/ベタつき	売り切れ相場3件以上かつリペア可能で仕入れが十分安い場合のみ検討	ブランドタグ・素材タグ・ダメージ・サイズ・付属品の有無を確認しましたか？	WACKO MARIA アロハ	WACKO MARIA シャツ	ワコマリア ジャケット	全体正面・背面、ブランドタグ、素材タグ、サイズ表記、脇、襟袖、裾、裏地、ダメージ箇所を撮影	高仕入れ時は売り切れ相場3件以上確認。状態NGがある場合は原則見送り。
v5_expanded_additions	RULE_EXP_052	BRD_N_HOOLYWOOD	CAT_MENS	TRUE	v4.1	https://jp.mercari.com/search?keyword=N.HOOLYWOOD%20%E3%82%B8%E3%83%A3%E3%82%B1%E3%83%83%E3%83%88	https://jp.mercari.com/search?keyword=N.HOOLYWOOD%20%E3%82%BB%E3%83%83%E3%83%88%E3%82%A2%E3%83%83%E3%83%97	https://jp.mercari.com/search?keyword=%E3%82%A8%E3%83%8C%E3%83%8F%E3%83%AA%E3%82%A6%E3%83%83%E3%83%89%20%E3%82%B7%E3%83%A3%E3%83%84	メンズ服	メンズ	N.HOOLYWOOD	エヌハリウッド	ジャケット／シャツ／パンツ／スーツ	ジャケット／シャツ／パンツ／セットアップ	通年	通年	2〜8週間	ウール/コットン/ミリタリー	ウール,コットン,ミリタリー	M/L/人気サイズ/大きいサイズ	M,L,人気サイズ,大きいサイズ	3000〜12000	3000	12000	10000〜40000	10000	40000	約-4200〜32250	-4200	32250	750	1200	宅急便60〜100	高	A	78	70	85	75	普通	70	高	中	25	中	25	75	61	条件付き買い	中	ミスターハリウッド/セットアップ/美品/サイズ38以上	ミスターハリウッド,セットアップ,美品,サイズ38以上	ブランド指名買い,通年需要,高単価	シミ/黄ばみ/脇汗/強い臭い/破れ/真贋不明	シミ,黄ばみ,脇汗,強い臭い,破れ,真贋不明	真贋注意,状態注意,相場確認必須	N.HOOLYWOOD ジャケット,N.HOOLYWOOD セットアップ,エヌハリウッド シャツ	3	正面/背面/ブランドタグ/素材タグ/サイズ表記/ダメージ箇所	ブランドタグ・素材タグ・状態を確認し、売り切れ相場3件以上を検索	N.HOOLYWOODはジャケット／シャツ／パンツ／セットアップを優先確認。仕入れ上限を超える場合は相場確認必須。	ブランド,服種類,サイズ,素材,状態,仕入れ値,ブランドタグ写真,素材タグ写真,全体写真	真贋不明で高仕入れ/強い臭い/大きなシミ/破れ/ベタつき	売り切れ相場3件以上かつリペア可能で仕入れが十分安い場合のみ検討	ブランドタグ・素材タグ・ダメージ・サイズ・付属品の有無を確認しましたか？	N.HOOLYWOOD ジャケット	N.HOOLYWOOD セットアップ	エヌハリウッド シャツ	全体正面・背面、ブランドタグ、素材タグ、サイズ表記、脇、襟袖、裾、裏地、ダメージ箇所を撮影	高仕入れ時は売り切れ相場3件以上確認。状態NGがある場合は原則見送り。
v5_expanded_additions	RULE_EXP_053	BRD_UNDERCOVER	CAT_MENS	TRUE	v4.1	https://jp.mercari.com/search?keyword=UNDERCOVER%20T%E3%82%B7%E3%83%A3%E3%83%84	https://jp.mercari.com/search?keyword=UNDERCOVER%20%E3%82%B8%E3%83%A3%E3%82%B1%E3%83%83%E3%83%88	https://jp.mercari.com/search?keyword=%E3%82%A2%E3%83%B3%E3%83%80%E3%83%BC%E3%82%AB%E3%83%90%E3%83%BC%20%E3%83%91%E3%83%B3%E3%83%84	メンズ服	ユニセックス	UNDERCOVER	アンダーカバー	Tシャツ／ジャケット／パンツ	ロゴTシャツ／ジャケット／デザイン服	通年	通年	2〜8週間	デザイン/ロゴ/コラボ	デザイン,ロゴ,コラボ	M/L/人気サイズ/大きいサイズ	M,L,人気サイズ,大きいサイズ	3000〜15000	3000	15000	12000〜60000	12000	60000	約-5400〜50250	-5400	50250	750	1200	宅急便60〜100	高	A	78	70	70	75	普通	70	高	中	25	中	25	75	58	慎重	中	ロゴ/コラボ/人気期/美品	ロゴ,コラボ,人気期,美品	ブランド指名買い,通年需要,高単価	プリント割れ/黄ばみ/穴/真贋不明	プリント割れ,黄ばみ,穴,真贋不明	真贋注意,状態注意,相場確認必須	UNDERCOVER Tシャツ,UNDERCOVER ジャケット,アンダーカバー パンツ	3	正面/背面/ブランドタグ/素材タグ/サイズ表記/ダメージ箇所	ブランドタグ・素材タグ・状態を確認し、売り切れ相場3件以上を検索	UNDERCOVERはロゴTシャツ／ジャケット／デザイン服を優先確認。仕入れ上限を超える場合は相場確認必須。	ブランド,服種類,サイズ,素材,状態,仕入れ値,ブランドタグ写真,素材タグ写真,全体写真	真贋不明で高仕入れ/強い臭い/大きなシミ/破れ/ベタつき	売り切れ相場3件以上かつリペア可能で仕入れが十分安い場合のみ検討	ブランドタグ・素材タグ・ダメージ・サイズ・付属品の有無を確認しましたか？	UNDERCOVER Tシャツ	UNDERCOVER ジャケット	アンダーカバー パンツ	全体正面・背面、ブランドタグ、素材タグ、サイズ表記、脇、襟袖、裾、裏地、ダメージ箇所を撮影	高仕入れ時は売り切れ相場3件以上確認。状態NGがある場合は原則見送り。
v5_expanded_additions	RULE_EXP_054	BRD_KOLOR	CAT_MENS	TRUE	v4.1	https://jp.mercari.com/search?keyword=kolor%20%E3%83%8B%E3%83%83%E3%83%88	https://jp.mercari.com/search?keyword=kolor%20%E3%83%91%E3%83%B3%E3%83%84	https://jp.mercari.com/search?keyword=%E3%82%AB%E3%83%A9%E3%83%BC%20%E3%82%B8%E3%83%A3%E3%82%B1%E3%83%83%E3%83%88	メンズ服	メンズ	kolor	カラー	ニット／パンツ／ジャケット	デザインニット／パンツ／ジャケット	通年	通年	2〜8週間	ウール/異素材/デザイン性	ウール,異素材,デザイン性	M/L/人気サイズ/大きいサイズ	M,L,人気サイズ,大きいサイズ	3000〜15000	3000	15000	12000〜50000	12000	50000	約-5400〜41250	-5400	41250	750	1200	宅急便60〜100	高	A	78	70	85	75	普通	70	高	中	25	中	25	75	61	条件付き買い	中	異素材/人気型/美品/サイズ2/3	異素材,人気型,美品,サイズ2,3	ブランド指名買い,通年需要,高単価	虫食い/毛玉大/汚れ/型崩れ	虫食い,毛玉大,汚れ,型崩れ	真贋注意,状態注意,相場確認必須	kolor ニット,kolor パンツ,カラー ジャケット	3	正面/背面/ブランドタグ/素材タグ/サイズ表記/ダメージ箇所	ブランドタグ・素材タグ・状態を確認し、売り切れ相場3件以上を検索	kolorはデザインニット／パンツ／ジャケットを優先確認。仕入れ上限を超える場合は相場確認必須。	ブランド,服種類,サイズ,素材,状態,仕入れ値,ブランドタグ写真,素材タグ写真,全体写真	真贋不明で高仕入れ/強い臭い/大きなシミ/破れ/ベタつき	売り切れ相場3件以上かつリペア可能で仕入れが十分安い場合のみ検討	ブランドタグ・素材タグ・ダメージ・サイズ・付属品の有無を確認しましたか？	kolor ニット	kolor パンツ	カラー ジャケット	全体正面・背面、ブランドタグ、素材タグ、サイズ表記、脇、襟袖、裾、裏地、ダメージ箇所を撮影	高仕入れ時は売り切れ相場3件以上確認。状態NGがある場合は原則見送り。
v5_expanded_additions	RULE_EXP_055	BRD_Y_3	CAT_MENS	TRUE	v4.1	https://jp.mercari.com/search?keyword=Y-3%20%E3%82%B9%E3%83%8B%E3%83%BC%E3%82%AB%E3%83%BC	https://jp.mercari.com/search?keyword=Y-3%20%E3%83%90%E3%83%83%E3%82%B0	https://jp.mercari.com/search?keyword=%E3%83%AF%E3%82%A4%E3%82%B9%E3%83%AA%E3%83%BC%20%E3%83%91%E3%83%BC%E3%82%AB%E3%83%BC	メンズ服	ユニセックス	Y-3	ワイスリー	スニーカー／バッグ／アパレル	スニーカー／バッグ／ロゴアパレル	通年	通年	2〜8週間	ロゴ/スポーツモード	ロゴ,スポーツモード	M/L/人気サイズ/大きいサイズ	M,L,人気サイズ,大きいサイズ	2000〜10000	2000	10000	8000〜30000	8000	30000	約-3850〜24250	-3850	24250	750	1050	宅急便60〜80	高	A	78	70	70	75	普通	70	高	中	25	中	25	75	58	慎重	中	ロゴ/人気型/スニーカー/美品	ロゴ,人気型,スニーカー,美品	ブランド指名買い,通年需要,高単価	ソール減り/加水分解/真贋不明/ロゴ剥がれ	ソール減り,加水分解,真贋不明,ロゴ剥がれ	真贋注意,状態注意,相場確認必須	Y-3 スニーカー,Y-3 バッグ,ワイスリー パーカー	3	正面/背面/ブランドタグ/素材タグ/サイズ表記/ダメージ箇所	ブランドタグ・素材タグ・状態を確認し、売り切れ相場3件以上を検索	Y-3はスニーカー／バッグ／ロゴアパレルを優先確認。仕入れ上限を超える場合は相場確認必須。	ブランド,服種類,サイズ,素材,状態,仕入れ値,ブランドタグ写真,素材タグ写真,全体写真	真贋不明で高仕入れ/強い臭い/大きなシミ/破れ/ベタつき	売り切れ相場3件以上かつリペア可能で仕入れが十分安い場合のみ検討	ブランドタグ・素材タグ・ダメージ・サイズ・付属品の有無を確認しましたか？	Y-3 スニーカー	Y-3 バッグ	ワイスリー パーカー	全体正面・背面、ブランドタグ、素材タグ、サイズ表記、脇、襟袖、裾、裏地、ダメージ箇所を撮影	高仕入れ時は売り切れ相場3件以上確認。状態NGがある場合は原則見送り。
v5_expanded_additions	RULE_EXP_056	BRD_HERNO	CAT_LADIES	TRUE	v4.1	https://jp.mercari.com/search?keyword=HERNO%20%E3%83%80%E3%82%A6%E3%83%B3	https://jp.mercari.com/search?keyword=HERNO%20Laminar	https://jp.mercari.com/search?keyword=%E3%83%98%E3%83%AB%E3%83%8E%20%E3%82%B3%E3%83%BC%E3%83%88	レディース服	ユニセックス	HERNO	ヘルノ	ダウンコート／コート／ジャケット	ダウンコート／Laminar系／ウール切替コート	通年	通年	2〜8週間	ダウン/ウール/ゴアテックス/カシミヤ	ダウン,ウール,ゴアテックス,カシミヤ	M/L/人気サイズ/大きいサイズ	M,L,人気サイズ,大きいサイズ	8000〜25000	8000	25000	25000〜90000	25000	90000	約-3700〜72250	-3700	72250	750	1200	宅急便60〜100	高	S	92	80	85	75	普通	70	高	中	25	中	25	75	66	条件付き買い	中	ダウン/ラミナー/大きいサイズ/美品/フード付き	ダウン,ラミナー,大きいサイズ,美品,フード付き	ブランド指名買い,通年需要,高単価	ダウン抜け/ファスナー不良/襟袖汚れ/真贋不明	ダウン抜け,ファスナー不良,襟袖汚れ,真贋不明	真贋注意,状態注意,相場確認必須	HERNO ダウン,HERNO Laminar,ヘルノ コート	3	正面/背面/ブランドタグ/素材タグ/サイズ表記/ダメージ箇所	ブランドタグ・素材タグ・状態を確認し、売り切れ相場3件以上を検索	HERNOはダウンコート／Laminar系／ウール切替コートを優先確認。仕入れ上限を超える場合は相場確認必須。	ブランド,服種類,サイズ,素材,状態,仕入れ値,ブランドタグ写真,素材タグ写真,全体写真	真贋不明で高仕入れ/強い臭い/大きなシミ/破れ/ベタつき	売り切れ相場3件以上かつリペア可能で仕入れが十分安い場合のみ検討	ブランドタグ・素材タグ・ダメージ・サイズ・付属品の有無を確認しましたか？	HERNO ダウン	HERNO Laminar	ヘルノ コート	全体正面・背面、ブランドタグ、素材タグ、サイズ表記、脇、襟袖、裾、裏地、ダメージ箇所を撮影	高仕入れ時は売り切れ相場3件以上確認。状態NGがある場合は原則見送り。
v5_expanded_additions	RULE_EXP_057	BRD_TATRAS	CAT_LADIES	TRUE	v4.1	https://jp.mercari.com/search?keyword=TATRAS%20%E3%83%80%E3%82%A6%E3%83%B3	https://jp.mercari.com/search?keyword=TATRAS%20%E3%82%B3%E3%83%BC%E3%83%88	https://jp.mercari.com/search?keyword=%E3%82%BF%E3%83%88%E3%83%A9%E3%82%B9%20%E3%83%AD%E3%83%B3%E3%82%B0%E3%83%80%E3%82%A6%E3%83%B3	レディース服	ユニセックス	TATRAS	タトラス	ダウンコート／ダウンジャケット	ダウンコート／ダウンジャケット／ロングダウン	通年	通年	2〜8週間	ダウン/ナイロン/ウール切替	ダウン,ナイロン,ウール切替	M/L/人気サイズ/大きいサイズ	M,L,人気サイズ,大きいサイズ	8000〜25000	8000	25000	25000〜80000	25000	80000	約-3700〜63250	-3700	63250	750	1200	宅急便60〜100	高	S	92	80	85	75	普通	70	高	高	45	中	25	75	63	条件付き買い	中	人気型/ロングダウン/美品/ギャランティあり	人気型,ロングダウン,美品,ギャランティあり	ブランド指名買い,通年需要,高単価	真贋不明/ダウン抜け/ファスナー不良/袖汚れ	真贋不明,ダウン抜け,ファスナー不良,袖汚れ	真贋注意,状態注意,相場確認必須	TATRAS ダウン,TATRAS コート,タトラス ロングダウン	3	正面/背面/ブランドタグ/素材タグ/サイズ表記/ダメージ箇所	ブランドタグ・素材タグ・状態を確認し、売り切れ相場3件以上を検索	TATRASはダウンコート／ダウンジャケット／ロングダウンを優先確認。仕入れ上限を超える場合は相場確認必須。	ブランド,服種類,サイズ,素材,状態,仕入れ値,ブランドタグ写真,素材タグ写真,全体写真	真贋不明で高仕入れ/強い臭い/大きなシミ/破れ/ベタつき	売り切れ相場3件以上かつリペア可能で仕入れが十分安い場合のみ検討	ブランドタグ・素材タグ・ダメージ・サイズ・付属品の有無を確認しましたか？	TATRAS ダウン	TATRAS コート	タトラス ロングダウン	全体正面・背面、ブランドタグ、素材タグ、サイズ表記、脇、襟袖、裾、裏地、ダメージ箇所を撮影	高仕入れ時は売り切れ相場3件以上確認。状態NGがある場合は原則見送り。
v5_expanded_additions	RULE_EXP_058	BRD_MONCLER	CAT_LADIES	TRUE	v4.1	https://jp.mercari.com/search?keyword=MONCLER%20%E3%83%80%E3%82%A6%E3%83%B3	https://jp.mercari.com/search?keyword=MONCLER%20%E3%83%AC%E3%83%87%E3%82%A3%E3%83%BC%E3%82%B9	https://jp.mercari.com/search?keyword=%E3%83%A2%E3%83%B3%E3%82%AF%E3%83%AC%E3%83%BC%E3%83%AB%20%E3%83%80%E3%82%A6%E3%83%B3	レディース服	ユニセックス	MONCLER	モンクレール	ダウンジャケット／ダウンコート	ダウンジャケット／ロングダウン／ベスト	通年	通年	2〜8週間	ダウン/ナイロン	ダウン,ナイロン	M/L/人気サイズ/大きいサイズ	M,L,人気サイズ,大きいサイズ	15000〜60000	15000	60000	50000〜200000	50000	200000	約-16200〜164250	-16200	164250	750	1200	宅急便60〜100	高	S	92	80	85	75	普通	70	高	非常に高	60	中	25	75	60	条件付き買い	中	QR/シリアル確認済み/人気型/美品/付属品あり	QR,シリアル確認済み,人気型,美品,付属品あり	ブランド指名買い,通年需要,高単価	真贋不明/QR不一致/ダウン抜け/コミックタグ剥がれ	真贋不明,QR不一致,ダウン抜け,コミックタグ剥がれ	真贋注意,状態注意,相場確認必須	MONCLER ダウン,MONCLER レディース,モンクレール ダウン	3	正面/背面/ブランドタグ/素材タグ/サイズ表記/ダメージ箇所	ブランドタグ・素材タグ・状態を確認し、売り切れ相場3件以上を検索	MONCLERはダウンジャケット／ロングダウン／ベストを優先確認。仕入れ上限を超える場合は相場確認必須。	ブランド,服種類,サイズ,素材,状態,仕入れ値,ブランドタグ写真,素材タグ写真,全体写真	真贋不明で高仕入れ/強い臭い/大きなシミ/破れ/ベタつき	売り切れ相場3件以上かつリペア可能で仕入れが十分安い場合のみ検討	ブランドタグ・素材タグ・ダメージ・サイズ・付属品の有無を確認しましたか？	MONCLER ダウン	MONCLER レディース	モンクレール ダウン	全体正面・背面、ブランドタグ、素材タグ、サイズ表記、脇、襟袖、裾、裏地、ダメージ箇所を撮影	高仕入れ時は売り切れ相場3件以上確認。状態NGがある場合は原則見送り。
v5_expanded_additions	RULE_EXP_059	BRD_WOOLRICH	CAT_LADIES	TRUE	v4.1	https://jp.mercari.com/search?keyword=WOOLRICH%20%E3%82%A2%E3%83%BC%E3%82%AF%E3%83%86%E3%82%A3%E3%83%83%E3%82%AF%E3%83%91%E3%83%BC%E3%82%AB	https://jp.mercari.com/search?keyword=WOOLRICH%20%E3%83%80%E3%82%A6%E3%83%B3	https://jp.mercari.com/search?keyword=%E3%82%A6%E3%83%BC%E3%83%AB%E3%83%AA%E3%83%83%E3%83%81%20%E3%82%B3%E3%83%BC%E3%83%88	レディース服	ユニセックス	WOOLRICH	ウールリッチ	ダウンコート／アークティックパーカ	アークティックパーカ／ダウンコート／モッズコート	通年	通年	2〜8週間	ダウン/コヨーテファー/ウール	ダウン,コヨーテファー,ウール	M/L/人気サイズ/大きいサイズ	M,L,人気サイズ,大きいサイズ	8000〜25000	8000	25000	25000〜80000	25000	80000	約-3700〜63250	-3700	63250	750	1200	宅急便60〜100	高	S	92	80	85	75	普通	70	高	中	25	中	25	75	66	条件付き買い	中	アークティックパーカ/ファー付き/美品/大きいサイズ	アークティックパーカ,ファー付き,美品,大きいサイズ	ブランド指名買い,通年需要,高単価	ファー欠品/袖汚れ/ダウン抜け/真贋不明	ファー欠品,袖汚れ,ダウン抜け,真贋不明	真贋注意,状態注意,相場確認必須	WOOLRICH アークティックパーカ,WOOLRICH ダウン,ウールリッチ コート	3	正面/背面/ブランドタグ/素材タグ/サイズ表記/ダメージ箇所	ブランドタグ・素材タグ・状態を確認し、売り切れ相場3件以上を検索	WOOLRICHはアークティックパーカ／ダウンコート／モッズコートを優先確認。仕入れ上限を超える場合は相場確認必須。	ブランド,服種類,サイズ,素材,状態,仕入れ値,ブランドタグ写真,素材タグ写真,全体写真	真贋不明で高仕入れ/強い臭い/大きなシミ/破れ/ベタつき	売り切れ相場3件以上かつリペア可能で仕入れが十分安い場合のみ検討	ブランドタグ・素材タグ・ダメージ・サイズ・付属品の有無を確認しましたか？	WOOLRICH アークティックパーカ	WOOLRICH ダウン	ウールリッチ コート	全体正面・背面、ブランドタグ、素材タグ、サイズ表記、脇、襟袖、裾、裏地、ダメージ箇所を撮影	高仕入れ時は売り切れ相場3件以上確認。状態NGがある場合は原則見送り。
v5_expanded_additions	RULE_EXP_060	BRD_MACKINTOSH	CAT_LADIES	TRUE	v4.1	https://jp.mercari.com/search?keyword=Mackintosh%20%E3%82%B4%E3%83%A0%E5%BC%95%E3%81%8D	https://jp.mercari.com/search?keyword=Mackintosh%20%E3%82%B3%E3%83%BC%E3%83%88	https://jp.mercari.com/search?keyword=%E3%83%9E%E3%83%83%E3%82%AD%E3%83%B3%E3%83%88%E3%83%83%E3%82%B7%E3%83%A5%20%E3%82%AD%E3%83%AB%E3%83%86%E3%82%A3%E3%83%B3%E3%82%B0	レディース服	ユニセックス	Mackintosh	マッキントッシュ	コート／ゴム引き／キルティング	ゴム引きコート／キルティングコート／トレンチ	通年	通年	2〜8週間	ゴム引き/ウール/キルティング	ゴム引き,ウール,キルティング	M/L/人気サイズ/大きいサイズ	M,L,人気サイズ,大きいサイズ	5000〜20000	5000	20000	18000〜70000	18000	70000	約-5000〜57250	-5000	57250	750	1200	宅急便60〜100	高	A	78	70	85	75	普通	70	高	中	25	高	45	75	58	慎重	中	ゴム引き/英国製/美品/人気型	ゴム引き,英国製,美品,人気型	ブランド指名買い,通年需要,高単価	ゴム引き劣化/ベタつき/襟汚れ/シーム剥がれ	ゴム引き劣化,ベタつき,襟汚れ,シーム剥がれ	真贋注意,状態注意,相場確認必須	Mackintosh ゴム引き,Mackintosh コート,マッキントッシュ キルティング	3	正面/背面/ブランドタグ/素材タグ/サイズ表記/ダメージ箇所	ブランドタグ・素材タグ・状態を確認し、売り切れ相場3件以上を検索	Mackintoshはゴム引きコート／キルティングコート／トレンチを優先確認。仕入れ上限を超える場合は相場確認必須。	ブランド,服種類,サイズ,素材,状態,仕入れ値,ブランドタグ写真,素材タグ写真,全体写真	真贋不明で高仕入れ/強い臭い/大きなシミ/破れ/ベタつき	売り切れ相場3件以上かつリペア可能で仕入れが十分安い場合のみ検討	ブランドタグ・素材タグ・ダメージ・サイズ・付属品の有無を確認しましたか？	Mackintosh ゴム引き	Mackintosh コート	マッキントッシュ キルティング	全体正面・背面、ブランドタグ、素材タグ、サイズ表記、脇、襟袖、裾、裏地、ダメージ箇所を撮影	高仕入れ時は売り切れ相場3件以上確認。状態NGがある場合は原則見送り。
v5_expanded_additions	RULE_EXP_061	BRD_TRADITIONAL_WEATHERWEAR	CAT_LADIES	TRUE	v4.1	https://jp.mercari.com/search?keyword=Traditional%20Weatherwear%20ARKLEY	https://jp.mercari.com/search?keyword=%E3%83%88%E3%83%A9%E3%83%87%E3%82%A3%E3%82%B7%E3%83%A7%E3%83%8A%E3%83%AB%E3%82%A6%E3%82%A7%E3%82%B6%E3%83%BC%E3%82%A6%E3%82%A7%E3%82%A2%20%E3%82%B3%E3%83%BC%E3%83%88	https://jp.mercari.com/search?keyword=Traditional%20Weatherwear%20%E3%82%AD%E3%83%AB%E3%83%86%E3%82%A3%E3%83%B3%E3%82%B0	レディース服	ユニセックス	Traditional Weatherwear	トラディショナル ウェザーウェア	キルティングコート／レインコート	ARKLEY／キルティングコート／レインコート	通年	通年	2〜8週間	キルティング/撥水/ウール	キルティング,撥水,ウール	M/L/人気サイズ/大きいサイズ	M,L,人気サイズ,大きいサイズ	2000〜8000	2000	8000	8000〜25000	8000	25000	約-2000〜19750	-2000	19750	750	1200	宅急便60〜100	高	A	78	70	85	75	普通	70	中	中	25	中	25	75	61	条件付き買い	中	ARKLEY/美品/サイズ34〜38/現行感	ARKLEY,美品,サイズ34〜38,現行感	ブランド指名買い,通年需要,高単価	袖口汚れ/中綿へたり/色褪せ/ボタン不良	袖口汚れ,中綿へたり,色褪せ,ボタン不良	真贋注意,状態注意,相場確認必須	Traditional Weatherwear ARKLEY,トラディショナルウェザーウェア コート,Traditional Weatherwear キルティング	3	正面/背面/ブランドタグ/素材タグ/サイズ表記/ダメージ箇所	ブランドタグ・素材タグ・状態を確認し、売り切れ相場3件以上を検索	Traditional WeatherwearはARKLEY／キルティングコート／レインコートを優先確認。仕入れ上限を超える場合は相場確認必須。	ブランド,服種類,サイズ,素材,状態,仕入れ値,ブランドタグ写真,素材タグ写真,全体写真	真贋不明で高仕入れ/強い臭い/大きなシミ/破れ/ベタつき	売り切れ相場3件以上かつリペア可能で仕入れが十分安い場合のみ検討	ブランドタグ・素材タグ・ダメージ・サイズ・付属品の有無を確認しましたか？	Traditional Weatherwear ARKLEY	トラディショナルウェザーウェア コート	Traditional Weatherwear キルティング	全体正面・背面、ブランドタグ、素材タグ、サイズ表記、脇、襟袖、裾、裏地、ダメージ箇所を撮影	高仕入れ時は売り切れ相場3件以上確認。状態NGがある場合は原則見送り。
v5_expanded_additions	RULE_EXP_062	BRD_LAVENHAM	CAT_LADIES	TRUE	v4.1	https://jp.mercari.com/search?keyword=LAVENHAM%20%E3%82%AD%E3%83%AB%E3%83%86%E3%82%A3%E3%83%B3%E3%82%B0	https://jp.mercari.com/search?keyword=LAVENHAM%20%E3%82%B3%E3%83%BC%E3%83%88	https://jp.mercari.com/search?keyword=%E3%83%A9%E3%83%99%E3%83%B3%E3%83%8F%E3%83%A0%20%E3%82%B8%E3%83%A3%E3%82%B1%E3%83%83%E3%83%88	レディース服	ユニセックス	LAVENHAM	ラベンハム	キルティングジャケット／コート	キルティングジャケット／コート／ベスト	通年	通年	2〜8週間	キルティング/英国製	キルティング,英国製	M/L/人気サイズ/大きいサイズ	M,L,人気サイズ,大きいサイズ	1000〜6000	1000	6000	6000〜18000	6000	18000	約-1800〜14450	-1800	14450	750	1200	宅急便60〜100	高	A	78	70	70	75	普通	70	中	中	25	中	25	75	58	慎重	中	英国製/美品/定番型/サイズ38以上	英国製,美品,定番型,サイズ38以上	ブランド指名買い,通年需要,高単価	袖口汚れ/中綿へたり/色褪せ/破れ	袖口汚れ,中綿へたり,色褪せ,破れ	真贋注意,状態注意,相場確認必須	LAVENHAM キルティング,LAVENHAM コート,ラベンハム ジャケット	3	正面/背面/ブランドタグ/素材タグ/サイズ表記/ダメージ箇所	ブランドタグ・素材タグ・状態を確認し、売り切れ相場3件以上を検索	LAVENHAMはキルティングジャケット／コート／ベストを優先確認。仕入れ上限を超える場合は相場確認必須。	ブランド,服種類,サイズ,素材,状態,仕入れ値,ブランドタグ写真,素材タグ写真,全体写真	真贋不明で高仕入れ/強い臭い/大きなシミ/破れ/ベタつき	売り切れ相場3件以上かつリペア可能で仕入れが十分安い場合のみ検討	ブランドタグ・素材タグ・ダメージ・サイズ・付属品の有無を確認しましたか？	LAVENHAM キルティング	LAVENHAM コート	ラベンハム ジャケット	全体正面・背面、ブランドタグ、素材タグ、サイズ表記、脇、襟袖、裾、裏地、ダメージ箇所を撮影	高仕入れ時は売り切れ相場3件以上確認。状態NGがある場合は原則見送り。
v5_expanded_additions	RULE_EXP_063	BRD_HOKA	CAT_SHOES	TRUE	v4.1	https://jp.mercari.com/search?keyword=HOKA%20BONDI	https://jp.mercari.com/search?keyword=HOKA%20CLIFTON	https://jp.mercari.com/search?keyword=%E3%83%9B%E3%82%AB%20%E3%82%B9%E3%83%8B%E3%83%BC%E3%82%AB%E3%83%BC	靴	ユニセックス	HOKA	ホカ	スニーカー／トレイルシューズ	BONDI／CLIFTON／トレイル系スニーカー	通年	通年	2〜8週間	人気モデル/厚底/ランニング	人気モデル,厚底,ランニング	M/L/人気サイズ/大きいサイズ	M,L,人気サイズ,大きいサイズ	2000〜8000	2000	8000	8000〜25000	8000	25000	約-1850〜19750	-1850	19750	750	1050	宅急便60〜80	高	A	78	70	70	75	普通	70	中	中	25	高	45	75	56	慎重	中	人気モデル/サイズ良好/ソール減り少/美品	人気モデル,サイズ良好,ソール減り少,美品	ブランド指名買い,通年需要,高単価	ソール減り大/臭い/加水分解/真贋不明	ソール減り大,臭い,加水分解,真贋不明	真贋注意,状態注意,相場確認必須	HOKA BONDI,HOKA CLIFTON,ホカ スニーカー	3	正面/背面/ブランドタグ/素材タグ/サイズ表記/ダメージ箇所	ブランドタグ・素材タグ・状態を確認し、売り切れ相場3件以上を検索	HOKAはBONDI／CLIFTON／トレイル系スニーカーを優先確認。仕入れ上限を超える場合は相場確認必須。	ブランド,服種類,サイズ,素材,状態,仕入れ値,ブランドタグ写真,素材タグ写真,全体写真	真贋不明で高仕入れ/強い臭い/大きなシミ/破れ/ベタつき	売り切れ相場3件以上かつリペア可能で仕入れが十分安い場合のみ検討	ブランドタグ・素材タグ・ダメージ・サイズ・付属品の有無を確認しましたか？	HOKA BONDI	HOKA CLIFTON	ホカ スニーカー	全体正面・背面、ブランドタグ、素材タグ、サイズ表記、脇、襟袖、裾、裏地、ダメージ箇所を撮影	高仕入れ時は売り切れ相場3件以上確認。状態NGがある場合は原則見送り。
v5_expanded_additions	RULE_EXP_064	BRD_ON	CAT_SHOES	TRUE	v4.1	https://jp.mercari.com/search?keyword=On%20Cloud	https://jp.mercari.com/search?keyword=On%20%E3%82%B9%E3%83%8B%E3%83%BC%E3%82%AB%E3%83%BC	https://jp.mercari.com/search?keyword=%E3%82%AA%E3%83%B3%20%E3%83%A9%E3%83%B3%E3%83%8B%E3%83%B3%E3%82%B0%E3%82%B7%E3%83%A5%E3%83%BC%E3%82%BA	靴	ユニセックス	On	オン	スニーカー／ランニングシューズ	Cloud系スニーカー／ランニングシューズ	通年	通年	2〜8週間	人気モデル/ランニング	人気モデル,ランニング	M/L/人気サイズ/大きいサイズ	M,L,人気サイズ,大きいサイズ	2000〜8000	2000	8000	8000〜25000	8000	25000	約-1850〜19750	-1850	19750	750	1050	宅急便60〜80	高	A	78	70	70	75	普通	70	中	中	25	高	45	75	56	慎重	中	Cloud系/サイズ良好/ソール減り少/美品	Cloud系,サイズ良好,ソール減り少,美品	ブランド指名買い,通年需要,高単価	ソール減り大/臭い/破れ/真贋不明	ソール減り大,臭い,破れ,真贋不明	真贋注意,状態注意,相場確認必須	On Cloud,On スニーカー,オン ランニングシューズ	3	正面/背面/ブランドタグ/素材タグ/サイズ表記/ダメージ箇所	ブランドタグ・素材タグ・状態を確認し、売り切れ相場3件以上を検索	OnはCloud系スニーカー／ランニングシューズを優先確認。仕入れ上限を超える場合は相場確認必須。	ブランド,服種類,サイズ,素材,状態,仕入れ値,ブランドタグ写真,素材タグ写真,全体写真	真贋不明で高仕入れ/強い臭い/大きなシミ/破れ/ベタつき	売り切れ相場3件以上かつリペア可能で仕入れが十分安い場合のみ検討	ブランドタグ・素材タグ・ダメージ・サイズ・付属品の有無を確認しましたか？	On Cloud	On スニーカー	オン ランニングシューズ	全体正面・背面、ブランドタグ、素材タグ、サイズ表記、脇、襟袖、裾、裏地、ダメージ箇所を撮影	高仕入れ時は売り切れ相場3件以上確認。状態NGがある場合は原則見送り。
v5_expanded_additions	RULE_EXP_065	BRD_NEW_BALANCE	CAT_SHOES	TRUE	v4.1	https://jp.mercari.com/search?keyword=New%20Balance%20990	https://jp.mercari.com/search?keyword=New%20Balance%20993	https://jp.mercari.com/search?keyword=%E3%83%8B%E3%83%A5%E3%83%BC%E3%83%90%E3%83%A9%E3%83%B3%E3%82%B9%202002R	靴	ユニセックス	New Balance	ニューバランス	スニーカー	990／991／992／993／2002R／限定モデル	通年	通年	2〜8週間	人気モデル/USA製/UK製	人気モデル,USA製,UK製	M/L/人気サイズ/大きいサイズ	M,L,人気サイズ,大きいサイズ	3000〜15000	3000	15000	10000〜50000	10000	50000	約-7050〜41250	-7050	41250	750	1050	宅急便60〜80	高	A	78	70	70	75	普通	70	高	高	45	高	45	75	52	慎重	中	USA製/UK製/人気番号/美品/箱あり	USA製,UK製,人気番号,美品,箱あり	ブランド指名買い,通年需要,高単価	加水分解/ソール減り大/真贋不明/臭い	加水分解,ソール減り大,真贋不明,臭い	真贋注意,状態注意,相場確認必須	New Balance 990,New Balance 993,ニューバランス 2002R	3	正面/背面/ブランドタグ/素材タグ/サイズ表記/ダメージ箇所	ブランドタグ・素材タグ・状態を確認し、売り切れ相場3件以上を検索	New Balanceは990／991／992／993／2002R／限定モデルを優先確認。仕入れ上限を超える場合は相場確認必須。	ブランド,服種類,サイズ,素材,状態,仕入れ値,ブランドタグ写真,素材タグ写真,全体写真	真贋不明で高仕入れ/強い臭い/大きなシミ/破れ/ベタつき	売り切れ相場3件以上かつリペア可能で仕入れが十分安い場合のみ検討	ブランドタグ・素材タグ・ダメージ・サイズ・付属品の有無を確認しましたか？	New Balance 990	New Balance 993	ニューバランス 2002R	全体正面・背面、ブランドタグ、素材タグ、サイズ表記、脇、襟袖、裾、裏地、ダメージ箇所を撮影	高仕入れ時は売り切れ相場3件以上確認。状態NGがある場合は原則見送り。
v5_expanded_additions	RULE_EXP_066	BRD_SALOMON	CAT_SHOES	TRUE	v4.1	https://jp.mercari.com/search?keyword=Salomon%20XT-6	https://jp.mercari.com/search?keyword=Salomon%20ACS%20PRO	https://jp.mercari.com/search?keyword=%E3%82%B5%E3%83%AD%E3%83%A2%E3%83%B3%20%E3%82%B9%E3%83%8B%E3%83%BC%E3%82%AB%E3%83%BC	靴	ユニセックス	Salomon	サロモン	スニーカー／トレイルシューズ	XT-6／ACS PRO／トレイル系スニーカー	通年	通年	2〜8週間	トレイル/人気モデル	トレイル,人気モデル	M/L/人気サイズ/大きいサイズ	M,L,人気サイズ,大きいサイズ	3000〜12000	3000	12000	10000〜40000	10000	40000	約-4050〜32250	-4050	32250	750	1050	宅急便60〜80	高	A	78	70	70	75	普通	70	高	高	45	高	45	75	52	慎重	中	XT-6/ACS PRO/美品/サイズ良好	XT-6,ACS PRO,美品,サイズ良好	ブランド指名買い,通年需要,高単価	ソール減り大/真贋不明/臭い/破れ	ソール減り大,真贋不明,臭い,破れ	真贋注意,状態注意,相場確認必須	Salomon XT-6,Salomon ACS PRO,サロモン スニーカー	3	正面/背面/ブランドタグ/素材タグ/サイズ表記/ダメージ箇所	ブランドタグ・素材タグ・状態を確認し、売り切れ相場3件以上を検索	SalomonはXT-6／ACS PRO／トレイル系スニーカーを優先確認。仕入れ上限を超える場合は相場確認必須。	ブランド,服種類,サイズ,素材,状態,仕入れ値,ブランドタグ写真,素材タグ写真,全体写真	真贋不明で高仕入れ/強い臭い/大きなシミ/破れ/ベタつき	売り切れ相場3件以上かつリペア可能で仕入れが十分安い場合のみ検討	ブランドタグ・素材タグ・ダメージ・サイズ・付属品の有無を確認しましたか？	Salomon XT-6	Salomon ACS PRO	サロモン スニーカー	全体正面・背面、ブランドタグ、素材タグ、サイズ表記、脇、襟袖、裾、裏地、ダメージ箇所を撮影	高仕入れ時は売り切れ相場3件以上確認。状態NGがある場合は原則見送り。